567; 0; 0; 170; 0; 
567; 0; 0; 170; 0.2; 
567; 0; 0; 170; 0.4; 
567; 0; 0; 170; 0.6; 
567; 0; 0; 170; 0.8; 
567; 0; 0; 170; 1; 
567; 0; 0; 170; 1.2; 
567; 0; 0; 170; 1.4; 
567; 0; 0; 170; 1.6; 
567; 0; 0; 170; 1.8; 
567; 0; 0; 170; 2; 
567; 0; 0; 170; 2.2; 
567; 0; 0; 170; 2.4; 
567; 0; 0; 170; 2.6; 
567; 0; 0; 170; 2.8; 
567; 0; 0; 170; 3; 
567; 0; 0; 170; 3.2; 
567; 0; 0; 170; 3.4; 
567; 0; 0; 170; 3.6; 
567; 0; 0; 170; 3.8; 
567; 0; 0; 170; 4; 
567; 0; 0; 170; 4.2; 
567; 0; 0; 170; 4.4; 
567; 0; 0; 170; 4.6; 
567; 0; 0; 170; 4.8; 
567; 0; 0; 170; 5; 
567; 0; 0; 170; 5.2; 
567; 0; 0; 170; 5.4; 
567; 0; 0; 170; 5.6; 
567; 0; 0; 170; 5.8; 
567; 0; 0; 170; 6; 
567; 0; 0; 170; 6.2; 
567; 0; 0; 170; 6.4; 
567; 0; 0; 170; 6.6; 
567; 0; 0; 170; 6.8; 
567; 0; 0; 170; 7; 
567; 0; 0; 170; 7.2; 
567; 0; 0; 170; 7.4; 
567; 0; 0; 170; 7.6; 
567; 0; 0; 170; 7.8; 
567; 0; 0; 170; 8; 
567; 0; 0; 170; 8.2; 
567; 0; 0; 170; 8.4; 
567; 0; 0; 170; 8.6; 
567; 0; 0; 170; 8.8; 
567; 0; 0; 170; 9; 
567; 0; 0; 170; 9.2; 
567; 0; 0; 170; 9.4; 
567; 0; 0; 170; 9.6; 
567; 0; 0; 170; 9.8; 
567; 0; 0; 170; 10; 
567; 0; 0; 170; 10.2; 
567; 0; 0; 170; 10.4; 
567; 0; 0; 170; 10.6; 
567; 0; 0; 170; 10.8; 
567; 0; 0; 170; 11; 
567; 0; 0; 170; 11.2; 
567; 0; 0; 170; 11.4; 
567; 0; 0; 170; 11.6; 
567; 0; 0; 170; 11.8; 
567; 0; 0; 170; 12; 
567; 0; 0; 170; 12.2; 
567; 0; 0; 170; 12.4; 
567; 0; 0; 170; 12.6; 
567; 0; 0; 170; 12.8; 
567; 0; 0; 170; 13; 
567; 0; 0; 170; 13.2; 
567; 0; 0; 170; 13.4; 
567; 0; 0; 170; 13.6; 
567; 0; 0; 170; 13.8; 
567; 0; 0; 170; 14; 
567; 0; 0; 170; 14.2; 
567; 0; 0; 170; 14.4; 
567; 0; 0; 170; 14.6; 
567; 0; 0; 170; 14.8; 
567; 0; 0; 170; 15; 
567; 0; 0; 170; 15.2; 
567; 0; 0; 170; 15.4; 
567; 0; 0; 170; 15.6; 
567; 0; 0; 170; 15.8; 
567; 0; 0; 170; 16; 
567; 0; 0; 170; 16.2; 
567; 0; 0; 170; 16.4; 
567; 0; 0; 170; 16.6; 
567; 0; 0; 170; 16.8; 
567; 0; 0; 170; 17; 
567; 0; 0; 170; 17.2; 
567; 0; 0; 170; 17.4; 
567; 0; 0; 170; 17.6; 
567; 0; 0; 170; 17.8; 
567; 0; 0; 170; 18; 
567; 0; 0; 170; 18.2; 
567; 0; 0; 170; 18.4; 
567; 0; 0; 170; 18.6; 
567; 0; 0; 170; 18.8; 
567; 0; 0; 170; 19; 
567; 0; 0; 170; 19.2; 
567; 0; 0; 170; 19.4; 
567; 0; 0; 170; 19.6; 
567; 0; 0; 170; 19.8; 
567; 0; 0; 170; 20; 
567; 0; 0; 170; 20.2; 
567; 0; 0; 170; 20.4; 
567; 0; 0; 170; 20.6; 
567; 0; 0; 170; 20.8; 
567; 0; 0; 170; 21; 
567; 0; 0; 170; 21.2; 
567; 0; 0; 170; 21.4; 
567; 0; 0; 170; 21.6; 
567; 0; 0; 170; 21.8; 
567; 0; 0; 170; 22; 
567; 0; 0; 170; 22.2; 
567; 0; 0; 170; 22.4; 
567; 0; 0; 170; 22.6; 
567; 0; 0; 170; 22.8; 
567; 0; 0; 170; 23; 
567; 0; 0; 170; 23.2; 
567; 0; 0; 170; 23.4; 
567; 0; 0; 170; 23.6; 
567; 0; 2475.0153; 170; 23.8; 
567; 0; 2475.0153; 170; 24; 
567; 0; 2475.0153; 170; 24.2; 
567; 0; 2475.0153; 170; 24.4; 
567; 0; 2475.0153; 170; 24.6; 
567; 0; 2475.0153; 170; 24.8; 
567; 0; 2475.0153; 170; 25; 
567; 0; 2475.0153; 170; 25.2; 
567; 0; 2475.0153; 170; 25.4; 
567; 0; 2475.0153; 170; 25.6; 
567; 0; 2475.0153; 170; 25.8; 
567; 0; 2475.0153; 170; 26; 
567; 0; 2475.0153; 170; 26.2; 
567; 0; 2475.0153; 170; 26.4; 
567; 0; 2475.0153; 170; 26.6; 
567; 0; 2475.0153; 170; 26.8; 
567; 0; 2475.0153; 170; 27; 
567; 0; 2475.0153; 170; 27.2; 
567; 0; 2475.0153; 170; 27.4; 
567; 0; 2475.0153; 170; 27.6; 
567; 0; 2475.0153; 170; 27.8; 
567; 0; 2475.0153; 170; 28; 
567; 0; 2475.0153; 170; 28.2; 
567; 0; 2475.0153; 170; 28.4; 
567; 0; 2475.0153; 170; 28.6; 
567; 0; 2475.0153; 170; 28.8; 
567; 0; 2475.0153; 170; 29; 
567; 0; 2475.0153; 170; 29.2; 
567; 0; 2475.0153; 170; 29.4; 
567; 0; 2475.0153; 170; 29.6; 
567; 0; 2475.0153; 170; 29.8; 
567; 0; 2475.0153; 170; 30; 
567; 0; 2475.0153; 170; 30.2; 
567; 0; 2475.0153; 170; 30.4; 
567; 0; 2475.0153; 170; 30.6; 
567; 0; 2475.0153; 170; 30.8; 
567; 0; 2475.0153; 170; 31; 
567; 0; 2475.0153; 170; 31.2; 
567; 0; 2475.0153; 170; 31.4; 
567; 0; 2475.0153; 170; 31.6; 
567; 0; 2475.0153; 170; 31.8; 
567; 0; 2475.0153; 170; 32; 
567; 0; 2475.0153; 170; 32.2; 
567; 0; 2475.0153; 170; 32.4; 
567; 0; 2475.0153; 170; 32.6; 
567; 0; 2475.0153; 170; 32.8; 
567; 0; 2475.0153; 170; 33; 
567; 0; 2475.0153; 170; 33.2; 
567; 0; 2475.0153; 170; 33.4; 
567; 0; 2475.0153; 170; 33.6; 
567; 0; 2475.0153; 170; 33.8; 
567; 0; 2475.0153; 170; 34; 
567; 0; 2475.0153; 170; 34.2; 
567; 0; 2475.0153; 170; 34.4; 
567; 0; 2475.0153; 170; 34.6; 
567; 0; 2475.0153; 170; 34.8; 
567; 0; 2475.0153; 170; 35; 
567; 0; 2475.0153; 170; 35.2; 
567; 0; 2475.0153; 170; 35.4; 
567; 0; 2475.0153; 170; 35.6; 
567; 0; 2475.0153; 170; 35.8; 
567; 0; 2475.0153; 170; 36; 
567; 0; 2475.0153; 170; 36.2; 
567; 0; 2475.0153; 170; 36.4; 
567; 0; 2475.0153; 170; 36.6; 
567; 0; 2475.0153; 170; 36.8; 
567; 0; 2475.0153; 170; 37; 
567; 0; 2475.0153; 170; 37.2; 
567; 0; 2475.0153; 170; 37.4; 
567; 0; 2475.0153; 170; 37.6; 
567; 0; 2475.0153; 170; 37.8; 
567; 0; 2475.0153; 170; 38; 
567; 0; 2475.0153; 170; 38.2; 
567; 0; 2475.0153; 170; 38.4; 
567; 0; 2475.0153; 170; 38.6; 
567; 0; 2475.0153; 170; 38.8; 
567; 0; 2493.394; 170; 39; 
567; 0; 2530.1369; 170; 39.2; 
567; 0; 2583.5667; 170; 39.4; 
567; 0; 2761.9848; 170; 39.6; 
567; 0; 3009.3371; 170; 39.8; 
567; 0; 3049.682; 170; 40; 
567; 0; 3076.5929; 170; 40.2; 
567; 0; 3120.225; 170; 40.4; 
567; 0; 3146.3529; 170; 40.6; 
567; 0; 3168.6341; 170; 40.8; 
567; 0; 3180.784; 170; 41; 
567; 0; 3192.7297; 170; 41.2; 
567; 0; 3194.6555; 170; 41.4; 
567; 0; 3196.5485; 170; 41.6; 
567; 0; 3188.6089; 170; 41.8; 
567; 0; 3190.459; 170; 42; 
567; 0; 3192.2779; 170; 42.2; 
567; 0; 3194.0628; 170; 42.4; 
567; 0; 3195.8103; 170; 42.6; 
567; 0; 3197.5167; 170; 42.8; 
567; 0; 3199.1793; 170; 43; 
567; 0; 3200.7949; 170; 43.2; 
567; 0; 3202.3625; 170; 43.4; 
567; 0; 3203.887; 170; 43.6; 
567; 0; 3205.3726; 170; 43.8; 
567; 0; 3206.8225; 170; 44; 
567; 0; 3208.239; 170; 44.2; 
567; 0; 3209.6231; 170; 44.4; 
567; 0; 3210.9754; 170; 44.6; 
567; 0; 3212.296; 170; 44.8; 
567; 0; 3213.5848; 170; 45; 
567; 0; 3214.8416; 170; 45.2; 
567; 0; 3216.0659; 170; 45.4; 
567; 0; 3217.2574; 170; 45.6; 
567; 0; 3218.4154; 170; 45.8; 
567; 0; 3219.5396; 170; 46; 
567; 0; 3220.6295; 170; 46.2; 
567; 0; 3221.6845; 170; 46.4; 
567; 0; 3222.7043; 170; 46.6; 
567; 0; 3223.6883; 170; 46.8; 
567; 0; 3224.6361; 170; 47; 
567; 0; 3225.5471; 170; 47.2; 
567; 0; 3235.869; 170; 47.4; 
567; 0; 3236.6976; 170; 47.6; 
567; 0; 3237.4884; 170; 47.8; 
567; 0; 3238.241; 170; 48; 
567; 0; 3238.9548; 170; 48.2; 
567; 0; 3239.6295; 170; 48.4; 
567; 0; 3249.6014; 170; 48.6; 
567; 0; 3250.1908; 170; 48.8; 
567; 0; 3250.7401; 170; 49; 
567; 0; 3251.2488; 170; 49.2; 
567; 0; 3251.7165; 170; 49.4; 
567; 0; 3252.1426; 170; 49.6; 
567; 0; 3261.7708; 170; 49.8; 
567; 0; 3262.1095; 170; 50; 
567; 0; 3262.4058; 170; 50.2; 
567; 0; 3262.6594; 170; 50.4; 
567; 0; 3272.0437; 170; 50.6; 
567; 0; 3272.2089; 170; 50.8; 
567; 0; 3272.3307; 170; 51; 
567; 0; 3272.4086; 170; 51.2; 
567; 0; 3281.5587; 170; 51.4; 
567; 0; 3281.548; 170; 51.6; 
567; 0; 3281.4927; 170; 51.8; 
567; 0; 3290.4626; 170; 52; 
567; 0; 3290.3204; 170; 52.2; 
567; 0; 3290.1458; 170; 52.4; 
567; 0; 3289.9511; 170; 52.6; 
567; 0; 3294.8989; 170; 52.8; 
567; 0; 3294.6976; 170; 53; 
567; 0; 3294.505; 170; 53.2; 
567; 0; 3294.3279; 170; 53.4; 
567; 0; 3299.2785; 170; 53.6; 
567; 0; 3299.1479; 170; 53.8; 
567; 0; 3299.0448; 170; 54; 
567; 0; 3298.9702; 170; 54.2; 
567; 0; 3303.9881; 170; 54.4; 
567; 0; 3303.9689; 170; 54.6; 
567; 0; 3303.9745; 170; 54.8; 
567; 0; 3304.0022; 170; 55; 
567; 0; 3309.0717; 170; 55.2; 
567; 0; 3309.1335; 170; 55.4; 
567; 0; 3309.2068; 170; 55.6; 
567; 0; 3309.2882; 170; 55.8; 
567; 0; 3309.3739; 170; 56; 
567; 0; 3314.444; 170; 56.2; 
567; 0; 3314.5284; 170; 56.4; 
567; 0; 3314.6087; 170; 56.6; 
567; 0; 3314.6828; 170; 56.8; 
567; 0; 3319.697; 170; 57; 
567; 0; 3319.7548; 170; 57.2; 
567; 0; 3319.8038; 170; 57.4; 
567; 0; 3319.8443; 170; 57.6; 
567; 0; 3324.7935; 170; 57.8; 
567; 0; 3324.8184; 170; 58; 
567; 0; 3324.8369; 170; 58.2; 
567; 0; 3324.8502; 170; 58.4; 
567; 0; 3324.8596; 170; 58.6; 
567; 0; 3329.7569; 170; 58.8; 
567; 0; 3329.7622; 170; 59; 
567; 0; 3329.7671; 170; 59.2; 
567; 0; 3329.7723; 170; 59.4; 
567; 0; 3334.6474; 170; 59.6; 
567; 0; 3334.6555; 170; 59.8; 
567; 0; 3334.6657; 170; 60; 
567; 0; 3334.6782; 170; 60.2; 
567; 0; 3339.5433; 170; 60.4; 
567; 0; 3339.5597; 170; 60.6; 
567; 0; 3339.5777; 170; 60.8; 
567; 0; 3339.5969; 170; 61; 
567; 0; 3339.6169; 170; 61.2; 
567; 0; 3341.3335; 170; 61.4; 
567; 0; 3341.354; 170; 61.6; 
567; 0; 3341.3743; 170; 61.8; 
567; 0; 3341.3939; 170; 62; 
567; 0; 3343.0721; 170; 62.2; 
567; 0; 3343.0899; 170; 62.4; 
567; 0; 3343.1068; 170; 62.6; 
567; 0; 3343.1225; 170; 62.8; 
567; 0; 3343.1372; 170; 63; 
567; 0; 3344.7767; 170; 63.2; 
567; 0; 3344.7893; 170; 63.4; 
567; 0; 3344.8012; 170; 63.6; 
567; 0; 3344.8125; 170; 63.8; 
567; 0; 3344.8234; 170; 64; 
567; 0; 3346.4302; 170; 64.2; 
567; 0; 3346.4407; 170; 64.4; 
567; 0; 3346.4511; 170; 64.6; 
567; 0; 3346.4611; 170; 64.8; 
567; 0; 3346.4739; 170; 65; 
567; 0; 3348.0674; 170; 65.2; 
567; 0; 3348.1103; 170; 65.4; 
567; 0; 3348.1785; 170; 65.6; 
567; 0; 3348.2773; 170; 65.8; 
567; 0; 3348.4117; 170; 66; 
567; 0; 3350.1294; 170; 66.2; 
567; 0; 3350.3457; 170; 66.4; 
567; 0; 3350.6065; 170; 66.6; 
567; 0; 3350.9042; 170; 66.8; 
567; 0; 3351.2271; 170; 67; 
567; 0; 3351.5628; 170; 67.2; 
567; 0; 3353.4121; 170; 67.4; 
567; 0; 3353.7384; 170; 67.6; 
567; 0; 3354.0483; 170; 67.8; 
567; 0; 3354.3366; 170; 68; 
567; 0; 3354.601; 170; 68.2; 
567; 0; 3354.8415; 170; 68.4; 
567; 0; 3356.5441; 170; 68.6; 
567; 0; 3356.741; 170; 68.8; 
567; 0; 3356.9217; 170; 69; 
567; 0; 3357.0895; 170; 69.2; 
567; 0; 3357.2475; 170; 69.4; 
567; 0; 3358.864; 170; 69.6; 
567; 0; 3359.008; 170; 69.8; 
567; 0; 3359.1477; 170; 70; 
567; 0; 3330.9508; 170; 70.2; 
567; 0; 3292.355; 170; 70.4; 
567; 0; 3253.7482; 170; 70.6; 
567; 0; 3215.9036; 170; 70.8; 
567; 0; 3177.5209; 170; 71; 
567; 0; 3138.2106; 170; 71.2; 
567; 0; 3098.8891; 170; 71.4; 
567; 0; 3061.2469; 170; 71.6; 
567; 0; 3026.4387; 170; 71.8; 
567; 0; 2993.2466; 170; 72; 
567; 0; 2959.3734; 170; 72.2; 
567; 0; 2925.4933; 170; 72.4; 
567; 0; 2893.2224; 170; 72.6; 
567; 0; 2860.9463; 170; 72.8; 
567; 0; 2829.4731; 170; 73; 
567; 0; 2795.6154; 170; 73.2; 
567; 0; 2761.342; 170; 73.4; 
567; 0; 2727.9916; 170; 73.6; 
567; 0; 2695.5646; 170; 73.8; 
567; 0; 2666.0937; 170; 74; 
567; 0; 2639.8623; 170; 74.2; 
567; 0; 2615.2194; 170; 74.4; 
567; 0; 2590.5741; 170; 74.6; 
567; 0; 2567.5176; 170; 74.8; 
567; 0; 2548.6355; 170; 75; 
567; 0; 2527.5014; 170; 75.2; 
567; 0; 2506.3657; 170; 75.4; 
567; 0; 2486.795; 170; 75.6; 
567; 0; 2467.2231; 170; 75.8; 
567; 0; 2444.6907; 170; 76; 
567; 0; 2422.5316; 170; 76.2; 
567; 0; 2401.3353; 170; 76.4; 
567; 0; 2381.1017; 170; 76.6; 
567; 0; 2361.831; 170; 76.8; 
567; 0; 2342.5595; 170; 77; 
567; 0; 2325.2154; 170; 77.2; 
567; 0; 2309.7099; 170; 77.4; 
567; 0; 2296.2507; 170; 77.6; 
567; 0; 2281.95; 170; 77.8; 
567; 0; 2269.3321; 170; 78; 
567; 0; 2263.6751; 170; 78.2; 
567; 0; 2252.0823; 170; 78.4; 
567; 0; 2240.4888; 170; 78.6; 
567; 0; 2229.7229; 170; 78.8; 
567; 0; 2218.9562; 170; 79; 
567; 0; 2209.0172; 170; 79.2; 
567; 0; 2199.0776; 170; 79.4; 
567; 0; 2189.1376; 170; 79.6; 
567; 0; 2180.8542; 170; 79.8; 
567; 0; 2171.7421; 170; 80; 
567; 0; 2163.4584; 170; 80.2; 
567; 0; 2156.0031; 170; 80.4; 
567; 0; 2148.5477; 170; 80.6; 
567; 0; 2140.4307; 170; 80.8; 
567; 0; 2132.7318; 170; 81; 
567; 0; 2125.0328; 170; 81.2; 
567; 0; 2118.2963; 170; 81.4; 
567; 0; 2111.5596; 170; 81.6; 
567; 0; 2104.8229; 170; 81.8; 
567; 0; 2099.0485; 170; 82; 
567; 0; 2093.274; 170; 82.2; 
567; 0; 2088.4618; 170; 82.4; 
567; 0; 2082.687; 170; 82.6; 
567; 0; 2077.8747; 170; 82.8; 
567; 0; 2073.0623; 170; 83; 
567; 0; 2069.2123; 170; 83.2; 
567; 0; 2065.3623; 170; 83.4; 
567; 0; 2061.5122; 170; 83.6; 
567; 0; 2057.6622; 170; 83.8; 
567; 0; 2053.812; 170; 84; 
567; 0; 2050.9244; 170; 84.2; 
567; 0; 2048.0367; 170; 84.4; 
567; 0; 2045.149; 170; 84.6; 
567; 0; 2042.2614; 170; 84.8; 
567; 0; 2039.3738; 170; 85; 
567; 0; 2037.4487; 170; 85.2; 
567; 0; 2035.5235; 170; 85.4; 
567; 0; 2033.5983; 170; 85.6; 
567; 0; 2031.6731; 170; 85.8; 
567; 0; 2029.7478; 170; 86; 
567; 0; 2027.8226; 170; 86.2; 
567; 0; 2026.8598; 170; 86.4; 
567; 0; 2025.897; 170; 86.6; 
567; 0; 2023.9716; 170; 86.8; 
567; 0; 2023.0088; 170; 87; 
567; 0; 2022.046; 170; 87.2; 
567; 0; 2021.0832; 170; 87.4; 
567; 0; 2020.1204; 170; 87.6; 
567; 0; 2020.12; 170; 87.8; 
567; 0; 2019.1571; 170; 88; 
567; 0; 2018.1942; 170; 88.2; 
567; 0; 2018.1938; 170; 88.4; 
567; 0; 2018.1934; 170; 88.6; 
567; 0; 2017.2305; 170; 88.8; 
567; 0; 2017.2301; 170; 89; 
567; 0; 2017.2297; 170; 89.2; 
567; 0; 2017.2294; 170; 89.4; 
567; 0; 2017.2291; 170; 89.6; 
567; 0; 2017.2288; 170; 89.8; 
567; 0; 2017.2284; 170; 90; 
567; 0; 2017.2281; 170; 90.2; 
567; 0; 2017.2277; 170; 90.4; 
567; 0; 2017.2273; 170; 90.6; 
567; 0; 2017.2269; 170; 90.8; 
567; 0; 2018.1889; 170; 91; 
567; 0; 2008.3875; 170; 91.2; 
567; 0; 2008.3871; 170; 91.4; 
567; 0; 2009.2907; 170; 91.6; 
567; 0; 2009.2903; 170; 91.8; 
567; 0; 2010.1941; 170; 92; 
567; 0; 2010.1937; 170; 92.2; 
567; 0; 2011.0975; 170; 92.4; 
567; 0; 2012.0013; 170; 92.6; 
567; 0; 2012.905; 170; 92.8; 
567; 0; 2012.9046; 170; 93; 
567; 0; 2013.8083; 170; 93.2; 
567; 0; 2014.712; 170; 93.4; 
567; 0; 2015.6157; 170; 93.6; 
567; 0; 2016.5311; 170; 93.8; 
567; 0; 2017.505; 170; 94; 
567; 0; 2018.479; 170; 94.2; 
567; 0; 2019.453; 170; 94.4; 
567; 0; 2020.427; 170; 94.6; 
567; 0; 2021.401; 170; 94.8; 
567; 0; 2022.3751; 170; 95; 
567; 0; 2023.3491; 170; 95.2; 
567; 0; 2024.3232; 170; 95.4; 
567; 0; 2025.2973; 170; 95.6; 
567; 0; 2026.2713; 170; 95.8; 
567; 0; 2027.2453; 170; 96; 
567; 0; 2028.2194; 170; 96.2; 
567; 0; 2029.1934; 170; 96.4; 
567; 0; 2030.1674; 170; 96.6; 
567; 0; 2031.1415; 170; 96.8; 
567; 0; 2032.1155; 170; 97; 
567; 0; 2033.0895; 170; 97.2; 
567; 0; 2033.0891; 170; 97.4; 
567; 0; 2034.0632; 170; 97.6; 
567; 0; 2035.0372; 170; 97.8; 
567; 0; 2036.0113; 170; 98; 
567; 0; 2036.9854; 170; 98.2; 
567; 0; 2037.9595; 170; 98.4; 
567; 0; 2038.9335; 170; 98.6; 
567; 0; 2039.9075; 170; 98.8; 
567; 0; 2040.881; 170; 99; 
567; 0; 2041.8539; 170; 99.2; 
567; 0; 2043.8001; 170; 99.4; 
567; 0; 2044.7704; 170; 99.6; 
567; 0; 2045.7387; 170; 99.8; 
567; 0; 2046.7044; 170; 100; 
567; 0; 2046.6929; 170; 100.2; 
567; 0; 2048.6278; 170; 100.4; 
567; 0; 2049.5872; 170; 100.6; 
567; 0; 2052.4956; 170; 100.8; 
567; 0; 2056.3803; 170; 101; 
567; 0; 2061.2425; 170; 101.2; 
567; 0; 2067.0838; 170; 101.4; 
567; 0; 2073.9058; 170; 101.6; 
567; 0; 2080.7353; 170; 101.8; 
567; 0; 2086.5981; 170; 102; 
567; 0; 2091.4929; 170; 102.2; 
567; 0; 2096.3913; 170; 102.4; 
567; 0; 2098.3668; 170; 102.6; 
567; 0; 2100.3392; 170; 102.8; 
567; 0; 2100.357; 170; 103; 
567; 0; 2100.3676; 170; 103.2; 
567; 0; 2099.3963; 170; 103.4; 
567; 0; 2097.4439; 170; 103.6; 
567; 0; 2095.4864; 170; 103.8; 
567; 0; 2093.526; 170; 104; 
567; 0; 2091.5645; 170; 104.2; 
567; 0; 2090.5783; 170; 104.4; 
567; 0; 2089.594; 170; 104.6; 
567; 0; 2088.6124; 170; 104.8; 
567; 0; 2088.6083; 170; 105; 
567; 0; 2088.6069; 170; 105.2; 
567; 0; 2088.6078; 170; 105.4; 
567; 0; 2087.636; 170; 105.6; 
567; 0; 2087.6393; 170; 105.8; 
567; 0; 2087.6428; 170; 106; 
567; 0; 2086.6715; 170; 106.2; 
567; 0; 2085.6994; 170; 106.4; 
567; 0; 2085.7006; 170; 106.6; 
567; 0; 2084.7264; 170; 106.8; 
567; 0; 2083.7514; 170; 107; 
567; 0; 2082.7757; 170; 107.2; 
567; 0; 2081.7996; 170; 107.4; 
567; 0; 2080.8233; 170; 107.6; 
567; 0; 2080.8215; 170; 107.8; 
567; 0; 2079.8455; 170; 108; 
567; 0; 2078.8697; 170; 108.2; 
567; 0; 2078.8688; 170; 108.4; 
567; 0; 2077.8938; 170; 108.6; 
567; 0; 2077.8936; 170; 108.8; 
567; 0; 2077.8936; 170; 109; 
567; 0; 2076.9193; 170; 109.2; 
567; 0; 2076.9195; 170; 109.4; 
567; 0; 2076.9197; 170; 109.6; 
567; 0; 2075.9455; 170; 109.8; 
567; 0; 2075.9455; 170; 110; 
567; 0; 2075.9454; 170; 110.2; 
567; 0; 2075.9457; 170; 110.4; 
567; 0; 2076.9238; 170; 110.6; 
567; 0; 2079.8577; 170; 110.8; 
567; 0; 2083.7763; 170; 111; 
567; 0; 2090.6315; 170; 111.2; 
567; 0; 2099.4521; 170; 111.4; 
567; 0; 2110.2413; 170; 111.6; 
567; 0; 2123.0021; 170; 111.8; 
567; 0; 2135.7795; 170; 112; 
567; 0; 2146.8115; 170; 112.2; 
567; 0; 2157.0128; 170; 112.4; 
567; 0; 2166.3806; 170; 112.6; 
567; 0; 2175.7551; 170; 112.8; 
567; 0; 2185.1343; 170; 113; 
567; 0; 2184.9891; 170; 113.2; 
567; 0; 2192.8131; 170; 113.4; 
567; 0; 2200.6388; 170; 113.6; 
567; 0; 2207.6091; 170; 113.8; 
567; 0; 2214.582; 170; 114; 
567; 0; 2221.5581; 170; 114.2; 
567; 0; 2228.5384; 170; 114.4; 
567; 0; 2235.5236; 170; 114.6; 
567; 0; 2242.5142; 170; 114.8; 
567; 0; 2249.5106; 170; 115; 
567; 0; 2256.5127; 170; 115.2; 
567; 0; 2262.6615; 170; 115.4; 
567; 0; 2269.6743; 170; 115.6; 
567; 0; 2275.8327; 170; 115.8; 
567; 0; 2281.995; 170; 116; 
567; 0; 2287.3012; 170; 116.2; 
567; 0; 2292.6102; 170; 116.4; 
567; 0; 2297.922; 170; 116.6; 
567; 0; 2303.2363; 170; 116.8; 
567; 0; 2307.6923; 170; 117; 
567; 0; 2312.1506; 170; 117.2; 
567; 0; 2316.611; 170; 117.4; 
567; 0; 2320.2124; 170; 117.6; 
567; 0; 2324.0284; 170; 117.8; 
567; 0; 2329.1455; 170; 118; 
567; 0; 2332.291; 170; 118.2; 
567; 0; 2336.4262; 170; 118.4; 
567; 0; 2340.5641; 170; 118.6; 
567; 0; 2343.7165; 170; 118.8; 
567; 0; 2346.8709; 170; 119; 
567; 0; 2350.0272; 170; 119.2; 
567; 0; 2353.1856; 170; 119.4; 
567; 0; 2356.3458; 170; 119.6; 
567; 0; 2358.5184; 170; 119.8; 
567; 0; 2361.682; 170; 120; 
567; 0; 2363.8573; 170; 120.2; 
567; 0; 2366.0339; 170; 120.4; 
567; 0; 2368.2116; 170; 120.6; 
567; 0; 2370.3906; 170; 120.8; 
567; 0; 2371.58; 170; 121; 
567; 0; 2373.7613; 170; 121.2; 
567; 0; 2374.9524; 170; 121.4; 
567; 0; 2376.1443; 170; 121.6; 
567; 0; 2377.337; 170; 121.8; 
567; 0; 2379.5229; 170; 122; 
567; 0; 2380.7176; 170; 122.2; 
567; 0; 2380.9204; 170; 122.4; 
567; 0; 2382.1166; 170; 122.6; 
567; 0; 2383.3136; 170; 122.8; 
567; 0; 2383.5178; 170; 123; 
567; 0; 2384.7161; 170; 123.2; 
567; 0; 2384.9211; 170; 123.4; 
567; 0; 2386.1207; 170; 123.6; 
567; 0; 2386.3264; 170; 123.8; 
567; 0; 2386.5324; 170; 124; 
567; 0; 2387.7339; 170; 124.2; 
567; 0; 2387.9406; 170; 124.4; 
567; 0; 2388.1476; 170; 124.6; 
567; 0; 2388.3549; 170; 124.8; 
567; 0; 2388.5624; 170; 125; 
567; 0; 2388.7703; 170; 125.2; 
567; 0; 2387.9818; 170; 125.4; 
567; 0; 2388.19; 170; 125.6; 
567; 0; 2388.3986; 170; 125.8; 
567; 0; 2388.6074; 170; 126; 
567; 0; 2388.8166; 170; 126.2; 
567; 0; 2388.0279; 170; 126.4; 
567; 0; 2388.2372; 170; 126.6; 
567; 0; 2387.4482; 170; 126.8; 
567; 0; 2387.6579; 170; 127; 
567; 0; 2387.8678; 170; 127.2; 
567; 0; 2387.0787; 170; 127.4; 
567; 0; 2387.2889; 170; 127.6; 
567; 0; 2386.4995; 170; 127.8; 
567; 0; 2386.71; 170; 128; 
567; 0; 2385.9204; 170; 128.2; 
567; 0; 2386.1311; 170; 128.4; 
567; 0; 2385.3411; 170; 128.6; 
567; 0; 2384.5507; 170; 128.8; 
567; 0; 2384.7616; 170; 129; 
567; 0; 2389.1752; 170; 129.2; 
567; 0; 2388.3925; 170; 129.4; 
567; 0; 2388.5961; 170; 129.6; 
567; 0; 2387.8132; 170; 129.8; 
567; 0; 2387.0301; 170; 130; 
567; 0; 2387.2342; 170; 130.2; 
567; 0; 2386.451; 170; 130.4; 
567; 0; 2385.6675; 170; 130.6; 
567; 0; 2384.8836; 170; 130.8; 
567; 0; 2385.0879; 170; 131; 
567; 0; 2384.3038; 170; 131.2; 
567; 0; 2383.5194; 170; 131.4; 
567; 0; 2382.7348; 170; 131.6; 
567; 0; 2381.9498; 170; 131.8; 
567; 0; 2381.1645; 170; 132; 
567; 0; 2380.3789; 170; 132.2; 
567; 0; 2379.5931; 170; 132.4; 
567; 0; 2378.807; 170; 132.6; 
567; 0; 2379.0114; 170; 132.8; 
567; 0; 2378.2251; 170; 133; 
567; 0; 2377.4386; 170; 133.2; 
567; 0; 2376.6519; 170; 133.4; 
567; 0; 2375.8649; 170; 133.6; 
567; 0; 2375.0777; 170; 133.8; 
567; 0; 2374.2903; 170; 134; 
567; 0; 2373.5025; 170; 134.2; 
567; 0; 2373.7072; 170; 134.4; 
567; 0; 2372.919; 170; 134.6; 
567; 0; 2372.1306; 170; 134.8; 
567; 0; 2371.342; 170; 135; 
567; 0; 2370.553; 170; 135.2; 
567; 0; 2369.7637; 170; 135.4; 
567; 0; 2369.9686; 170; 135.6; 
567; 0; 2369.1791; 170; 135.8; 
567; 0; 2368.3892; 170; 136; 
567; 0; 2367.5992; 170; 136.2; 
567; 0; 2366.8089; 170; 136.4; 
567; 0; 2367.0142; 170; 136.6; 
567; 0; 2366.2237; 170; 136.8; 
567; 0; 2365.433; 170; 137; 
567; 0; 2364.6419; 170; 137.2; 
567; 0; 2364.8474; 170; 137.4; 
567; 0; 2364.056; 170; 137.6; 
567; 0; 2363.2643; 170; 137.8; 
567; 0; 2363.47; 170; 138; 
567; 0; 2362.6779; 170; 138.2; 
567; 0; 2361.8857; 170; 138.4; 
567; 0; 2361.0931; 170; 138.6; 
567; 0; 2361.2992; 170; 138.8; 
567; 0; 2360.5064; 170; 139; 
567; 0; 2359.7132; 170; 139.2; 
567; 0; 2359.9193; 170; 139.4; 
567; 0; 2359.1258; 170; 139.6; 
567; 0; 2358.332; 170; 139.8; 
567; 0; 2358.5385; 170; 140; 
567; 0; 2357.7445; 170; 140.2; 
567; 0; 2357.9512; 170; 140.4; 
567; 0; 2357.1569; 170; 140.6; 
567; 0; 2356.3624; 170; 140.8; 
567; 0; 2356.5694; 170; 141; 
567; 0; 2355.7746; 170; 141.2; 
567; 0; 2354.9795; 170; 141.4; 
567; 0; 2355.1866; 170; 141.6; 
567; 0; 2354.3911; 170; 141.8; 
567; 0; 2354.5983; 170; 142; 
567; 0; 2353.8024; 170; 142.2; 
567; 0; 2354.0099; 170; 142.4; 
567; 0; 2353.2138; 170; 142.6; 
567; 0; 2352.4175; 170; 142.8; 
567; 0; 2352.6253; 170; 143; 
567; 0; 2351.8286; 170; 143.2; 
567; 0; 2352.0365; 170; 143.4; 
567; 0; 2351.2394; 170; 143.6; 
567; 0; 2351.4476; 170; 143.8; 
567; 0; 2350.6502; 170; 144; 
567; 0; 2350.8587; 170; 144.2; 
567; 0; 2350.0611; 170; 144.4; 
567; 0; 2350.2699; 170; 144.6; 
567; 0; 2349.4721; 170; 144.8; 
567; 0; 2349.6812; 170; 145; 
567; 0; 2348.8831; 170; 145.2; 
567; 0; 2349.0926; 170; 145.4; 
567; 0; 2348.2942; 170; 145.6; 
567; 0; 2348.5038; 170; 145.8; 
567; 0; 2347.705; 170; 146; 
567; 0; 2347.9148; 170; 146.2; 
567; 0; 2347.1156; 170; 146.4; 
567; 0; 2347.3256; 170; 146.6; 
567; 0; 2346.526; 170; 146.8; 
567; 0; 2346.736; 170; 147; 
567; 0; 2345.936; 170; 147.2; 
567; 0; 2346.1463; 170; 147.4; 
567; 0; 2346.3569; 170; 147.6; 
567; 0; 2345.5566; 170; 147.8; 
567; 0; 2345.7675; 170; 148; 
567; 0; 2344.967; 170; 148.2; 
567; 0; 2345.1782; 170; 148.4; 
567; 0; 2344.3775; 170; 148.6; 
567; 0; 2344.589; 170; 148.8; 
567; 0; 2344.8009; 170; 149; 
567; 0; 2344; 170; 149.2; 
567; 0; 2344.212; 170; 149.4; 
567; 0; 2343.4106; 170; 149.6; 
567; 0; 2343.6228; 170; 149.8; 
567; 0; 2343.8352; 170; 150; 
567; 0; 2343.0334; 170; 150.2; 
567; 0; 2343.2461; 170; 150.4; 
567; 0; 2342.4439; 170; 150.6; 
567; 0; 2342.6568; 170; 150.8; 
567; 0; 2342.8699; 170; 151; 
567; 0; 2342.0673; 170; 151.2; 
567; 0; 2342.2806; 170; 151.4; 
567; 0; 2341.4778; 170; 151.6; 
567; 0; 2341.6915; 170; 151.8; 
567; 0; 2341.9055; 170; 152; 
567; 0; 2341.1023; 170; 152.2; 
567; 0; 2341.3164; 170; 152.4; 
567; 0; 2340.513; 170; 152.6; 
567; 0; 2340.7274; 170; 152.8; 
567; 0; 2340.942; 170; 153; 
567; 0; 2340.1383; 170; 153.2; 
567; 0; 2340.3533; 170; 153.4; 
567; 0; 2340.5684; 170; 153.6; 
567; 0; 2339.7642; 170; 153.8; 
567; 0; 2339.9796; 170; 154; 
567; 0; 2340.1953; 170; 154.2; 
567; 0; 2339.3908; 170; 154.4; 
567; 0; 2339.6067; 170; 154.6; 
567; 0; 2338.8019; 170; 154.8; 
567; 0; 2339.0181; 170; 155; 
567; 0; 2339.2346; 170; 155.2; 
567; 0; 2338.4295; 170; 155.4; 
567; 0; 2338.6461; 170; 155.6; 
567; 0; 2338.863; 170; 155.8; 
567; 0; 2338.0574; 170; 156; 
567; 0; 2338.2744; 170; 156.2; 
567; 0; 2338.4917; 170; 156.4; 
567; 0; 2337.6857; 170; 156.6; 
567; 0; 2337.9034; 170; 156.8; 
567; 0; 2338.1214; 170; 157; 
567; 0; 2337.3153; 170; 157.2; 
567; 0; 2337.5334; 170; 157.4; 
567; 0; 2337.7517; 170; 157.6; 
567; 0; 2336.9452; 170; 157.8; 
567; 0; 2337.1639; 170; 158; 
567; 0; 2337.3828; 170; 158.2; 
567; 0; 2336.576; 170; 158.4; 
567; 0; 2336.7954; 170; 158.6; 
567; 0; 2337.0149; 170; 158.8; 
567; 0; 2336.2076; 170; 159; 
567; 0; 2336.4273; 170; 159.2; 
567; 0; 2336.6472; 170; 159.4; 
567; 0; 2335.8396; 170; 159.6; 
567; 0; 2336.0598; 170; 159.8; 
567; 0; 2336.2802; 170; 160; 
567; 0; 2336.5008; 170; 160.2; 
567; 0; 2335.6928; 170; 160.4; 
567; 0; 2335.9136; 170; 160.6; 
567; 0; 2336.1347; 170; 160.8; 
567; 0; 2335.3263; 170; 161; 
567; 0; 2335.5477; 170; 161.2; 
567; 0; 2335.7695; 170; 161.4; 
567; 0; 2334.9609; 170; 161.6; 
567; 0; 2335.183; 170; 161.8; 
567; 0; 2335.4053; 170; 162; 
567; 0; 2334.5962; 170; 162.2; 
567; 0; 2334.8187; 170; 162.4; 
567; 0; 2335.0414; 170; 162.6; 
567; 0; 2334.232; 170; 162.8; 
567; 0; 2334.4549; 170; 163; 
567; 0; 2334.678; 170; 163.2; 
567; 0; 2334.9015; 170; 163.4; 
567; 0; 2334.0918; 170; 163.6; 
567; 0; 2334.3156; 170; 163.8; 
567; 0; 2334.5396; 170; 164; 
567; 0; 2333.7293; 170; 164.2; 
567; 0; 2333.9535; 170; 164.4; 
567; 0; 2334.1781; 170; 164.6; 
567; 0; 2333.3676; 170; 164.8; 
567; 0; 2333.5925; 170; 165; 
567; 0; 2333.8177; 170; 165.2; 
567; 0; 2333.0068; 170; 165.4; 
567; 0; 2333.2322; 170; 165.6; 
567; 0; 2333.4578; 170; 165.8; 
567; 0; 2333.6837; 170; 166; 
567; 0; 2332.8724; 170; 166.2; 
567; 0; 2332.058; 170; 166.4; 
567; 0; 2330.1866; 170; 166.6; 
567; 0; 2326.1986; 170; 166.8; 
567; 0; 2321.3063; 170; 167; 
567; 0; 2315.976; 170; 167.2; 
567; 0; 2308.8108; 170; 167.4; 
567; 0; 2299.8091; 170; 167.6; 
567; 0; 2289.8773; 170; 167.8; 
567; 0; 2278.1085; 170; 168; 
567; 0; 2265.4107; 170; 168.2; 
567; 0; 2250.8802; 170; 168.4; 
567; 0; 2236.3382; 170; 168.6; 
567; 0; 2229.1293; 170; 168.8; 
567; 0; 2216.5994; 170; 169; 
567; 0; 2204.9675; 170; 169.2; 
567; 0; 2196.0209; 170; 169.4; 
567; 0; 2187.0821; 170; 169.6; 
567; 0; 2179.9359; 170; 169.8; 
567; 0; 2172.7954; 170; 170; 
567; 0; 2166.5513; 170; 170.2; 
567; 0; 2159.4161; 170; 170.4; 
567; 0; 2153.1729; 170; 170.6; 
567; 0; 2146.035; 170; 170.8; 
567; 0; 2138.8938; 170; 171; 
567; 0; 2131.7488; 170; 171.2; 
567; 0; 2125.4931; 170; 171.4; 
567; 0; 2119.2351; 170; 171.6; 
567; 0; 2113.869; 170; 171.8; 
567; 0; 2110.2885; 170; 172; 
567; 0; 2107.6025; 170; 172.2; 
567; 0; 2106.7044; 170; 172.4; 
567; 0; 2106.702; 170; 172.6; 
567; 0; 2107.5956; 170; 172.8; 
567; 0; 2107.6; 170; 173; 
567; 0; 2108.4995; 170; 173.2; 
567; 0; 2108.5082; 170; 173.4; 
567; 0; 2108.5177; 170; 173.6; 
567; 0; 2107.6345; 170; 173.8; 
567; 0; 2106.7501; 170; 174; 
567; 0; 2104.0787; 170; 174.2; 
567; 0; 2102.2975; 170; 174.4; 
567; 0; 2099.6212; 170; 174.6; 
567; 0; 2097.8351; 170; 174.8; 
567; 0; 2095.1544; 170; 175; 
567; 0; 2092.4724; 170; 175.2; 
567; 0; 2090.6821; 170; 175.4; 
567; 0; 2088.8917; 170; 175.6; 
567; 0; 2087.9943; 170; 175.8; 
567; 0; 2087.9902; 170; 176; 
567; 0; 2087.0947; 170; 176.2; 
567; 0; 2087.9855; 170; 176.4; 
567; 0; 2087.9851; 170; 176.6; 
567; 0; 2087.9858; 170; 176.8; 
567; 0; 2088.8799; 170; 177; 
567; 0; 2088.8826; 170; 177.2; 
567; 0; 2089.7787; 170; 177.4; 
567; 0; 2089.7833; 170; 177.6; 
567; 0; 2089.7887; 170; 177.8; 
567; 0; 2088.9021; 170; 178; 
567; 0; 2088.0154; 170; 178.2; 
567; 0; 2087.1283; 170; 178.4; 
567; 0; 2085.3475; 170; 178.6; 
567; 0; 2082.6727; 170; 178.8; 
567; 0; 2080.7868; 170; 179; 
567; 0; 2077.6754; 170; 179.2; 
567; 0; 2074.5617; 170; 179.4; 
567; 0; 2071.4462; 170; 179.6; 
567; 0; 2068.3297; 170; 179.8; 
567; 0; 2065.213; 170; 180; 
567; 0; 2063.1335; 170; 180.2; 
567; 0; 2061.055; 170; 180.4; 
567; 0; 2058.9778; 170; 180.6; 
567; 0; 2056.9019; 170; 180.8; 
567; 0; 2055.8642; 170; 181; 
567; 0; 2053.7908; 170; 181.2; 
567; 0; 2052.7551; 170; 181.4; 
567; 0; 2050.6829; 170; 181.6; 
567; 0; 2049.6477; 170; 181.8; 
567; 0; 2047.5754; 170; 182; 
567; 0; 2046.5397; 170; 182.2; 
567; 0; 2044.4664; 170; 182.4; 
567; 0; 2043.4295; 170; 182.6; 
567; 0; 2041.3551; 170; 182.8; 
567; 0; 2040.3173; 170; 183; 
567; 0; 2038.2421; 170; 183.2; 
567; 0; 2037.2036; 170; 183.4; 
567; 0; 2036.1652; 170; 183.6; 
567; 0; 2034.09; 170; 183.8; 
567; 0; 2033.0519; 170; 184; 
567; 0; 2032.0141; 170; 184.2; 
567; 0; 2030.9766; 170; 184.4; 
567; 0; 2029.9393; 170; 184.6; 
567; 0; 2029.9391; 170; 184.8; 
567; 0; 2028.9021; 170; 185; 
567; 0; 2027.8651; 170; 185.2; 
567; 0; 2027.865; 170; 185.4; 
567; 0; 2026.8279; 170; 185.6; 
567; 0; 2025.7908; 170; 185.8; 
567; 0; 2025.7904; 170; 186; 
567; 0; 2024.753; 170; 186.2; 
567; 0; 2024.7525; 170; 186.4; 
567; 0; 2023.715; 170; 186.6; 
567; 0; 2023.7144; 170; 186.8; 
567; 0; 2022.6768; 170; 187; 
567; 0; 2022.6762; 170; 187.2; 
567; 0; 2021.6387; 170; 187.4; 
567; 0; 2021.6382; 170; 187.6; 
567; 0; 2021.6377; 170; 187.8; 
567; 0; 2021.6372; 170; 188; 
567; 0; 2020.5999; 170; 188.2; 
567; 0; 2020.5995; 170; 188.4; 
567; 0; 2020.5991; 170; 188.6; 
567; 0; 2020.5987; 170; 188.8; 
567; 0; 2020.5982; 170; 189; 
567; 0; 2020.5977; 170; 189.2; 
567; 0; 2020.5973; 170; 189.4; 
567; 0; 2020.5968; 170; 189.6; 
567; 0; 2020.5962; 170; 189.8; 
567; 0; 2019.5587; 170; 190; 
567; 0; 2010.4681; 170; 190.2; 
567; 0; 2010.4676; 170; 190.4; 
567; 0; 2011.4412; 170; 190.6; 
567; 0; 2011.4407; 170; 190.8; 
567; 0; 2011.4402; 170; 191; 
567; 0; 2011.4397; 170; 191.2; 
567; 0; 2011.4393; 170; 191.4; 
567; 0; 2011.4388; 170; 191.6; 
567; 0; 2012.4124; 170; 191.8; 
567; 0; 2012.412; 170; 192; 
567; 0; 2013.3856; 170; 192.2; 
567; 0; 2013.3852; 170; 192.4; 
567; 0; 2013.3847; 170; 192.6; 
567; 0; 2014.3582; 170; 192.8; 
567; 0; 2014.3577; 170; 193; 
567; 0; 2015.3312; 170; 193.2; 
567; 0; 2015.3307; 170; 193.4; 
567; 0; 2016.3043; 170; 193.6; 
567; 0; 2016.3038; 170; 193.8; 
567; 0; 2017.348; 170; 194; 
567; 0; 2017.3475; 170; 194.2; 
567; 0; 2018.3969; 170; 194.4; 
567; 0; 2018.3964; 170; 194.6; 
567; 0; 2019.4457; 170; 194.8; 
567; 0; 2019.4452; 170; 195; 
567; 0; 2020.4945; 170; 195.2; 
567; 0; 2020.494; 170; 195.4; 
567; 0; 2021.5433; 170; 195.6; 
567; 0; 2021.5427; 0; 195.8; 
567; 0; 0; 0; 196; 
567; 0; 0; 0; 196.2; 
567; 0; 0; 0; 196.4; 
567; 0; 0; 0; 196.6; 
567; 0; 0; 0; 196.8; 
567; 0; 0; 0; 197; 
567; 0; 0; 0; 197.2; 
567; 0; 0; 0; 197.4; 
567; 0; 0; 0; 197.6; 
567; 0; 0; 0; 197.8; 
567; 0; 0; 0; 198; 
567; 0; 0; 0; 198.2; 
567; 0; 0; 0; 198.4; 
567; 0; 0; 0; 198.6; 
567; 0; 0; 0; 198.8; 
567; 0; 0; 0; 199; 
567; 0; 0; 0; 199.2; 
567; 0; 0; 0; 199.4; 
567; 0; 0; 0; 199.6; 
567; 0; 0; 0; 199.8; 
567; 0; 0; 0; 200; 
567; 0; 0; 0; 200.2; 
567; 0; 0; 0; 200.4; 
567; 0; 0; 0; 200.6; 
567; 0; 0; 0; 200.8; 
567; 0; 0; 0; 201; 
567; 0; 0; 0; 201.2; 
567; 0; 0; 0; 201.4; 
567; 0; 0; 0; 201.6; 
567; 0; 0; 0; 201.8; 
567; 0; 0; 0; 202; 
567; 0; 0; 0; 202.2; 
567; 0; 0; 0; 202.4; 
567; 0; 0; 0; 202.6; 
567; 0; 0; 0; 202.8; 
567; 0; 0; 0; 203; 
567; 0; 0; 0; 203.2; 
567; 0; 0; 0; 203.4; 
567; 0; 0; 0; 203.6; 
567; 0; 0; 0; 203.8; 
567; 0; 0; 0; 204; 
567; 0; 0; 0; 204.2; 
567; 0; 0; 0; 204.4; 
567; 0; 0; 0; 204.6; 
567; 0; 0; 0; 204.8; 
567; 0; 0; 0; 205; 
567; 0; 0; 0; 205.2; 
567; 0; 0; 0; 205.4; 
567; 0; 0; 0; 205.6; 
567; 0; 0; 0; 205.8; 
567; 0; 0; 0; 206; 
567; 0; 0; 0; 206.2; 
567; 0; 0; 0; 206.4; 
567; 0; 0; 0; 206.6; 
567; 0; 0; 0; 206.8; 
567; 0; 0; 0; 207; 
567; 0; 0; 0; 207.2; 
567; 0; 0; 0; 207.4; 
567; 0; 0; 0; 207.6; 
567; 0; 0; 0; 207.8; 
567; 0; 0; 0; 208; 
567; 0; 0; 0; 208.2; 
567; 0; 0; 0; 208.4; 
567; 0; 0; 0; 208.6; 
567; 0; 0; 0; 208.8; 
567; 0; 0; 0; 209; 
567; 0; 0; 0; 209.2; 
567; 0; 0; 0; 209.4; 
567; 0; 0; 0; 209.6; 
567; 0; 0; 0; 209.8; 
567; 0; 0; 0; 210; 
567; 0; 0; 0; 210.2; 
567; 0; 0; 0; 210.4; 
567; 0; 0; 0; 210.6; 
567; 0; 0; 0; 210.8; 
567; 0; 0; 0; 211; 
567; 0; 0; 0; 211.2; 
567; 0; 0; 0; 211.4; 
567; 0; 0; 0; 211.6; 
567; 0; 0; 0; 211.8; 
567; 0; 0; 0; 212; 
567; 0; 0; 0; 212.2; 
567; 0; 0; 0; 212.4; 
567; 0; 0; 0; 212.6; 
567; 0; 0; 0; 212.8; 
567; 0; 0; 0; 213; 
567; 0; 0; 0; 213.2; 
567; 0; 0; 0; 213.4; 
567; 0; 0; 0; 213.6; 
567; 0; 0; 0; 213.8; 
567; 0; 0; 0; 214; 
567; 0; 0; 0; 214.2; 
567; 0; 0; 0; 214.4; 
567; 0; 0; 0; 214.6; 
567; 0; 0; 0; 214.8; 
567; 0; 0; 0; 215; 
567; 0; 0; 0; 215.2; 
567; 0; 0; 0; 215.4; 
567; 0; 0; 0; 215.6; 
567; 0; 0; 0; 215.8; 
567; 0; 0; 0; 216; 
567; 0; 0; 0; 216.2; 
567; 0; 0; 0; 216.4; 
567; 0; 0; 0; 216.6; 
567; 0; 0; 0; 216.8; 
567; 0; 0; 0; 217; 
567; 0; 0; 0; 217.2; 
567; 0; 0; 0; 217.4; 
567; 0; 0; 0; 217.6; 
567; 0; 0; 0; 217.8; 
567; 0; 0; 0; 218; 
567; 0; 0; 0; 218.2; 
567; 0; 0; 0; 218.4; 
567; 0; 0; 0; 218.6; 
567; 0; 0; 0; 218.8; 
567; 0; 0; 0; 219; 
567; 0; 0; 0; 219.2; 
567; 0; 0; 0; 219.4; 
567; 0; 0; 0; 219.6; 
567; 0; 0; 0; 219.8; 
567; 0; 0; 0; 220; 
567; 0; 0; 0; 220.2; 
567; 0; 0; 0; 220.4; 
567; 0; 0; 0; 220.6; 
567; 0; 0; 0; 220.8; 
567; 0; 0; 0; 221; 
567; 0; 0; 0; 221.2; 
567; 0; 0; 0; 221.4; 
567; 0; 0; 0; 221.6; 
567; 0; 0; 0; 221.8; 
567; 0; 0; 0; 222; 
567; 0; 0; 0; 222.2; 
567; 0; 0; 0; 222.4; 
567; 0; 0; 0; 222.6; 
567; 0; 0; 0; 222.8; 
567; 0; 0; 0; 223; 
567; 0; 0; 0; 223.2; 
567; 0; 0; 0; 223.4; 
567; 0; 0; 0; 223.6; 
567; 0; 0; 0; 223.8; 
567; 0; 0; 0; 224; 
567; 0; 0; 0; 224.2; 
567; 0; 0; 0; 224.4; 
567; 0; 0; 0; 224.6; 
567; 0; 0; 0; 224.8; 
567; 0; 0; 0; 225; 
567; 0; 0; 0; 225.2; 
567; 0; 0; 0; 225.4; 
567; 0; 0; 0; 225.6; 
567; 0; 0; 0; 225.8; 
567; 0; 0; 0; 226; 
567; 0; 0; 0; 226.2; 
567; 0; 0; 0; 226.4; 
567; 0; 0; 0; 226.6; 
567; 0; 0; 0; 226.8; 
567; 0; 0; 0; 227; 
567; 0; 0; 0; 227.2; 
567; 0; 0; 0; 227.4; 
567; 0; 0; 0; 227.6; 
567; 0; 0; 0; 227.8; 
567; 0; 0; 0; 228; 
567; 0; 0; 0; 228.2; 
567; 0; 0; 0; 228.4; 
567; 0; 0; 0; 228.6; 
567; 0; 0; 0; 228.8; 
567; 0; 0; 0; 229; 
567; 0; 0; 0; 229.2; 
567; 0; 0; 0; 229.4; 
567; 0; 0; 0; 229.6; 
567; 0; 0; 0; 229.8; 
567; 0; 0; 0; 230; 
567; 0; 0; 0; 230.2; 
567; 0; 0; 0; 230.4; 
567; 0; 0; 0; 230.6; 
567; 0; 0; 0; 230.8; 
567; 0; 0; 0; 231; 
567; 0; 0; 0; 231.2; 
567; 0; 0; 0; 231.4; 
567; 0; 0; 0; 231.6; 
567; 0; 0; 0; 231.8; 
567; 0; 0; 0; 232; 
567; 0; 0; 0; 232.2; 
567; 0; 0; 0; 232.4; 
567; 0; 0; 0; 232.6; 
567; 0; 0; 0; 232.8; 
567; 0; 0; 0; 233; 
567; 0; 0; 0; 233.2; 
567; 0; 0; 0; 233.4; 
567; 0; 0; 0; 233.6; 
567; 0; 0; 0; 233.8; 
567; 0; 0; 0; 234; 
567; 0; 0; 0; 234.2; 
567; 0; 0; 0; 234.4; 
567; 0; 0; 0; 234.6; 
567; 0; 0; 0; 234.8; 
567; 0; 0; 0; 235; 
567; 0; 0; 0; 235.2; 
567; 0; 0; 0; 235.4; 
567; 0; 0; 0; 235.6; 
567; 0; 0; 0; 235.8; 
567; 0; 0; 0; 236; 
567; 0; 0; 0; 236.2; 
567; 0; 0; 0; 236.4; 
567; 0; 0; 0; 236.6; 
567; 0; 0; 0; 236.8; 
567; 0; 0; 0; 237; 
567; 0; 0; 0; 237.2; 
567; 0; 0; 0; 237.4; 
567; 0; 0; 0; 237.6; 
567; 0; 0; 0; 237.8; 
567; 0; 0; 0; 238; 
567; 0; 0; 0; 238.2; 
567; 0; 0; 0; 238.4; 
567; 0; 0; 0; 238.6; 
567; 0; 0; 0; 238.8; 
567; 0; 0; 0; 239; 
567; 0; 0; 0; 239.2; 
567; 0; 0; 0; 239.4; 
567; 0; 0; 0; 239.6; 
567; 0; 0; 0; 239.8; 
567; 0; 0; 0; 240; 
567; 0; 0; 0; 240.2; 
567; 0; 0; 0; 240.4; 
567; 0; 0; 0; 240.6; 
567; 0; 0; 0; 240.8; 
567; 0; 0; 0; 241; 
567; 0; 0; 0; 241.2; 
567; 0; 0; 0; 241.4; 
567; 0; 0; 0; 241.6; 
567; 0; 0; 0; 241.8; 
567; 0; 0; 0; 242; 
567; 0; 0; 0; 242.2; 
567; 0; 0; 0; 242.4; 
567; 0; 0; 0; 242.6; 
567; 0; 0; 0; 242.8; 
567; 0; 0; 0; 243; 
567; 0; 0; 0; 243.2; 
567; 0; 0; 0; 243.4; 
567; 0; 0; 0; 243.6; 
567; 0; 0; 0; 243.8; 
567; 0; 0; 0; 244; 
567; 0; 0; 0; 244.2; 
567; 0; 0; 0; 244.4; 
567; 0; 0; 0; 244.6; 
567; 0; 0; 0; 244.8; 
567; 0; 0; 0; 245; 
567; 0; 0; 0; 245.2; 
567; 0; 0; 0; 245.4; 
567; 0; 0; 0; 245.6; 
567; 0; 0; 0; 245.8; 
567; 0; 0; 0; 246; 
567; 0; 0; 0; 246.2; 
567; 0; 0; 0; 246.4; 
567; 0; 0; 0; 246.6; 
567; 0; 0; 0; 246.8; 
567; 0; 0; 0; 247; 
567; 0; 0; 0; 247.2; 
567; 0; 0; 0; 247.4; 
567; 0; 0; 0; 247.6; 
567; 0; 0; 0; 247.8; 
567; 0; 0; 0; 248; 
567; 0; 0; 0; 248.2; 
567; 0; 0; 0; 248.4; 
567; 0; 0; 0; 248.6; 
567; 0; 0; 0; 248.8; 
567; 0; 0; 0; 249; 
567; 0; 0; 0; 249.2; 
567; 0; 0; 0; 249.4; 
567; 0; 0; 0; 249.6; 
567; 0; 0; 0; 249.8; 
567; 0; 0; 0; 250; 
567; 0; 0; 0; 250.2; 
567; 0; 0; 0; 250.4; 
567; 0; 0; 0; 250.6; 
567; 0; 0; 0; 250.8; 
567; 0; 0; 0; 251; 
567; 0; 0; 0; 251.2; 
567; 0; 0; 0; 251.4; 
567; 0; 0; 0; 251.6; 
567; 0; 0; 0; 251.8; 
567; 0; 0; 0; 252; 
567; 0; 0; 0; 252.2; 
567; 0; 0; 0; 252.4; 
567; 0; 0; 0; 252.6; 
567; 0; 0; 0; 252.8; 
567; 0; 0; 0; 253; 
567; 0; 0; 0; 253.2; 
567; 0; 0; 0; 253.4; 
567; 0; 0; 0; 253.6; 
567; 0; 0; 0; 253.8; 
567; 0; 0; 0; 254; 
567; 0; 0; 0; 254.2; 
567; 0; 0; 0; 254.4; 
567; 0; 0; 0; 254.6; 
567; 0; 0; 0; 254.8; 
567; 0; 0; 0; 255; 
567; 0; 0; 0; 255.2; 
567; 0; 0; 0; 255.4; 
567; 0; 0; 0; 255.6; 
567; 0; 0; 0; 255.8; 
567; 0; 0; 0; 256; 
567; 0; 0; 0; 256.2; 
567; 0; 0; 0; 256.4; 
567; 0; 0; 0; 256.6; 
567; 0; 0; 0; 256.8; 
567; 0; 0; 0; 257; 
567; 0; 0; 0; 257.2; 
567; 0; 0; 0; 257.4; 
567; 0; 0; 0; 257.6; 
567; 0; 0; 0; 257.8; 
567; 0; 0; 0; 258; 
567; 0; 0; 0; 258.2; 
567; 0; 0; 0; 258.4; 
567; 0; 0; 0; 258.6; 
567; 0; 0; 0; 258.8; 
567; 0; 0; 0; 259; 
567; 0; 0; 0; 259.2; 
567; 0; 0; 0; 259.4; 
567; 0; 0; 0; 259.6; 
567; 0; 0; 0; 259.8; 
567; 0; 0; 0; 260; 
567; 0; 0; 0; 260.2; 
567; 0; 0; 0; 260.4; 
567; 0; 0; 0; 260.6; 
567; 0; 0; 0; 260.8; 
567; 0; 0; 0; 261; 
567; 0; 0; 0; 261.2; 
567; 0; 0; 0; 261.4; 
567; 0; 0; 0; 261.6; 
567; 0; 0; 0; 261.8; 
567; 0; 0; 0; 262; 
567; 0; 0; 0; 262.2; 
567; 0; 0; 0; 262.4; 
567; 0; 0; 0; 262.6; 
567; 0; 0; 0; 262.8; 
567; 0; 0; 0; 263; 
567; 0; 0; 0; 263.2; 
567; 0; 0; 0; 263.4; 
567; 0; 0; 0; 263.6; 
567; 0; 0; 0; 263.8; 
567; 0; 0; 0; 264; 
567; 0; 0; 0; 264.2; 
567; 0; 0; 0; 264.4; 
567; 0; 0; 0; 264.6; 
567; 0; 0; 0; 264.8; 
567; 0; 0; 0; 265; 
567; 0; 0; 0; 265.2; 
567; 0; 0; 0; 265.4; 
567; 0; 0; 0; 265.6; 
567; 0; 0; 0; 265.8; 
567; 0; 0; 0; 266; 
567; 0; 0; 0; 266.2; 
567; 0; 0; 0; 266.4; 
567; 0; 0; 0; 266.6; 
567; 0; 0; 0; 266.8; 
567; 0; 0; 0; 267; 
567; 0; 0; 0; 267.2; 
567; 0; 0; 0; 267.4; 
567; 0; 0; 0; 267.6; 
567; 0; 0; 0; 267.8; 
567; 0; 0; 0; 268; 
567; 0; 0; 0; 268.2; 
567; 0; 0; 0; 268.4; 
567; 0; 0; 0; 268.6; 
567; 0; 0; 0; 268.8; 
567; 0; 0; 0; 269; 
567; 0; 0; 0; 269.2; 
567; 0; 0; 0; 269.4; 
567; 0; 0; 0; 269.6; 
567; 0; 0; 0; 269.8; 
567; 0; 0; 0; 270; 
567; 0; 0; 0; 270.2; 
567; 0; 0; 0; 270.4; 
567; 0; 0; 0; 270.6; 
567; 0; 0; 0; 270.8; 
567; 0; 0; 0; 271; 
567; 0; 0; 0; 271.2; 
567; 0; 0; 0; 271.4; 
567; 0; 0; 0; 271.6; 
567; 0; 0; 0; 271.8; 
567; 0; 0; 0; 272; 
567; 0; 0; 0; 272.2; 
567; 0; 0; 0; 272.4; 
567; 0; 0; 0; 272.6; 
567; 0; 0; 0; 272.8; 
567; 0; 0; 0; 273; 
567; 0; 0; 0; 273.2; 
567; 0; 0; 0; 273.4; 
567; 0; 0; 0; 273.6; 
567; 0; 0; 0; 273.8; 
567; 0; 0; 0; 274; 
567; 0; 0; 0; 274.2; 
567; 0; 0; 0; 274.4; 
567; 0; 0; 0; 274.6; 
567; 0; 0; 0; 274.8; 
567; 0; 0; 0; 275; 
567; 0; 0; 0; 275.2; 
567; 0; 0; 0; 275.4; 
567; 0; 0; 0; 275.6; 
567; 0; 0; 0; 275.8; 
567; 0; 0; 0; 276; 
567; 0; 0; 0; 276.2; 
567; 0; 0; 0; 276.4; 
567; 0; 0; 0; 276.6; 
567; 0; 0; 0; 276.8; 
567; 0; 0; 0; 277; 
567; 0; 0; 0; 277.2; 
567; 0; 0; 0; 277.4; 
567; 0; 0; 0; 277.6; 
567; 0; 0; 0; 277.8; 
567; 0; 0; 0; 278; 
567; 0; 0; 0; 278.2; 
567; 0; 0; 0; 278.4; 
567; 0; 0; 0; 278.6; 
567; 0; 0; 0; 278.8; 
567; 0; 0; 0; 279; 
567; 0; 0; 0; 279.2; 
567; 0; 0; 0; 279.4; 
567; 0; 0; 0; 279.6; 
567; 0; 0; 0; 279.8; 
567; 0; 0; 0; 280; 
567; 0; 0; 0; 280.2; 
567; 0; 0; 0; 280.4; 
567; 0; 0; 0; 280.6; 
567; 0; 0; 0; 280.8; 
567; 0; 0; 0; 281; 
567; 0; 0; 0; 281.2; 
567; 0; 0; 0; 281.4; 
567; 0; 0; 0; 281.6; 
567; 0; 0; 0; 281.8; 
567; 0; 0; 0; 282; 
567; 0; 0; 0; 282.2; 
567; 0; 0; 0; 282.4; 
567; 0; 0; 0; 282.6; 
567; 0; 0; 0; 282.8; 
567; 0; 0; 0; 283; 
567; 0; 0; 0; 283.2; 
567; 0; 0; 0; 283.4; 
567; 0; 0; 0; 283.6; 
567; 0; 0; 0; 283.8; 
567; 0; 0; 0; 284; 
567; 0; 0; 0; 284.2; 
567; 0; 0; 0; 284.4; 
567; 0; 0; 0; 284.6; 
567; 0; 0; 0; 284.8; 
567; 0; 0; 0; 285; 
567; 0; 0; 0; 285.2; 
567; 0; 0; 0; 285.4; 
567; 0; 0; 0; 285.6; 
567; 0; 0; 0; 285.8; 
567; 0; 0; 0; 286; 
567; 0; 0; 0; 286.2; 
567; 0; 0; 0; 286.4; 
567; 0; 0; 0; 286.6; 
567; 0; 0; 0; 286.8; 
567; 0; 0; 0; 287; 
567; 0; 0; 0; 287.2; 
567; 0; 0; 0; 287.4; 
567; 0; 0; 0; 287.6; 
567; 0; 0; 0; 287.8; 
567; 0; 0; 0; 288; 
567; 0; 0; 0; 288.2; 
567; 0; 0; 0; 288.4; 
567; 0; 0; 0; 288.6; 
567; 0; 0; 0; 288.8; 
567; 0; 0; 0; 289; 
567; 0; 0; 0; 289.2; 
567; 0; 0; 0; 289.4; 
567; 0; 0; 0; 289.6; 
567; 0; 0; 0; 289.8; 
567; 0; 0; 0; 290; 
567; 0; 0; 0; 290.2; 
567; 0; 0; 0; 290.4; 
567; 0; 0; 0; 290.6; 
567; 0; 0; 0; 290.8; 
567; 0; 0; 0; 291; 
567; 0; 0; 0; 291.2; 
567; 0; 0; 0; 291.4; 
567; 0; 0; 0; 291.6; 
567; 0; 0; 0; 291.8; 
567; 0; 0; 0; 292; 
567; 0; 0; 0; 292.2; 
567; 0; 0; 0; 292.4; 
567; 0; 0; 0; 292.6; 
567; 0; 0; 0; 292.8; 
567; 0; 0; 0; 293; 
567; 0; 0; 0; 293.2; 
567; 0; 0; 0; 293.4; 
567; 0; 0; 0; 293.6; 
567; 0; 0; 0; 293.8; 
567; 0; 0; 0; 294; 
567; 0; 0; 0; 294.2; 
567; 0; 0; 0; 294.4; 
567; 0; 0; 0; 294.6; 
567; 0; 0; 0; 294.8; 
567; 0; 0; 0; 295; 
567; 0; 0; 0; 295.2; 
567; 0; 0; 0; 295.4; 
567; 0; 0; 0; 295.6; 
567; 0; 0; 0; 295.8; 
567; 0; 0; 0; 296; 
567; 0; 0; 0; 296.2; 
567; 0; 0; 0; 296.4; 
567; 0; 0; 0; 296.6; 
567; 0; 0; 0; 296.8; 
567; 0; 0; 0; 297; 
567; 0; 0; 0; 297.2; 
567; 0; 0; 0; 297.4; 
567; 0; 0; 0; 297.6; 
567; 0; 0; 0; 297.8; 
567; 0; 0; 0; 298; 
567; 0; 0; 0; 298.2; 
567; 0; 0; 0; 298.4; 
567; 0; 0; 0; 298.6; 
567; 0; 0; 0; 298.8; 
567; 0; 0; 0; 299; 
567; 0; 0; 0; 299.2; 
567; 0; 0; 0; 299.4; 
567; 0; 0; 0; 299.6; 
567; 0; 0; 0; 299.8; 
567; 0; 0; 0; 300; 
567; 0; 0; 0; 300.2; 
567; 0; 0; 0; 300.4; 
567; 0; 0; 0; 300.6; 
567; 0; 0; 0; 300.8; 
567; 0; 0; 0; 301; 
567; 0; 0; 0; 301.2; 
567; 0; 0; 0; 301.4; 
567; 0; 0; 0; 301.6; 
567; 0; 0; 0; 301.8; 
567; 0; 0; 0; 302; 
567; 0; 0; 0; 302.2; 
567; 0; 0; 0; 302.4; 
567; 0; 0; 0; 302.6; 
567; 0; 0; 0; 302.8; 
567; 0; 0; 0; 303; 
567; 0; 0; 0; 303.2; 
567; 0; 0; 0; 303.4; 
567; 0; 0; 0; 303.6; 
567; 0; 0; 0; 303.8; 
567; 0; 0; 0; 304; 
567; 0; 0; 0; 304.2; 
567; 0; 0; 0; 304.4; 
567; 0; 0; 0; 304.6; 
567; 0; 0; 0; 304.8; 
567; 0; 0; 0; 305; 
567; 0; 0; 0; 305.2; 
567; 0; 0; 0; 305.4; 
567; 0; 0; 0; 305.6; 
567; 0; 0; 0; 305.8; 
567; 0; 0; 0; 306; 
567; 0; 0; 0; 306.2; 
567; 0; 0; 0; 306.4; 
567; 0; 0; 0; 306.6; 
567; 0; 0; 0; 306.8; 
567; 0; 0; 0; 307; 
567; 0; 0; 0; 307.2; 
567; 0; 0; 0; 307.4; 
567; 0; 0; 0; 307.6; 
567; 0; 0; 0; 307.8; 
567; 0; 0; 0; 308; 
567; 0; 0; 0; 308.2; 
567; 0; 0; 0; 308.4; 
567; 0; 0; 0; 308.6; 
567; 0; 0; 0; 308.8; 
567; 0; 0; 0; 309; 
567; 0; 0; 0; 309.2; 
567; 0; 0; 0; 309.4; 
567; 0; 0; 0; 309.6; 
567; 0; 0; 0; 309.8; 
567; 0; 0; 0; 310; 
567; 0; 0; 0; 310.2; 
567; 0; 0; 0; 310.4; 
567; 0; 0; 0; 310.6; 
567; 0; 0; 0; 310.8; 
567; 0; 0; 0; 311; 
567; 0; 0; 0; 311.2; 
567; 0; 0; 0; 311.4; 
567; 0; 0; 0; 311.6; 
567; 0; 0; 0; 311.8; 
567; 0; 0; 0; 312; 
567; 0; 0; 0; 312.2; 
567; 0; 0; 0; 312.4; 
567; 0; 0; 0; 312.6; 
567; 0; 0; 0; 312.8; 
567; 0; 0; 0; 313; 
567; 0; 0; 0; 313.2; 
567; 0; 0; 0; 313.4; 
567; 0; 0; 0; 313.6; 
567; 0; 0; 0; 313.8; 
567; 0; 0; 0; 314; 
567; 0; 0; 0; 314.2; 
567; 0; 0; 0; 314.4; 
567; 0; 0; 0; 314.6; 
567; 0; 0; 0; 314.8; 
567; 0; 0; 0; 315; 
567; 0; 0; 0; 315.2; 
567; 0; 0; 0; 315.4; 
567; 0; 0; 0; 315.6; 
567; 0; 0; 0; 315.8; 
567; 0; 0; 0; 316; 
567; 0; 0; 0; 316.2; 
567; 0; 0; 0; 316.4; 
567; 0; 0; 0; 316.6; 
567; 0; 0; 0; 316.8; 
567; 0; 0; 0; 317; 
567; 0; 0; 0; 317.2; 
567; 0; 0; 0; 317.4; 
567; 0; 0; 0; 317.6; 
567; 0; 0; 0; 317.8; 
567; 0; 0; 0; 318; 
567; 0; 0; 0; 318.2; 
567; 0; 0; 0; 318.4; 
567; 0; 0; 0; 318.6; 
567; 0; 0; 0; 318.8; 
567; 0; 0; 0; 319; 
567; 0; 0; 0; 319.2; 
567; 0; 0; 0; 319.4; 
567; 0; 0; 0; 319.6; 
567; 0; 0; 0; 319.8; 
567; 0; 0; 0; 320; 
567; 0; 0; 0; 320.2; 
567; 0; 0; 0; 320.4; 
567; 0; 0; 0; 320.6; 
567; 0; 0; 0; 320.8; 
567; 0; 0; 0; 321; 
567; 0; 0; 0; 321.2; 
567; 0; 0; 0; 321.4; 
567; 0; 0; 0; 321.6; 
567; 0; 0; 0; 321.8; 
567; 0; 0; 0; 322; 
567; 0; 0; 0; 322.2; 
567; 0; 0; 0; 322.4; 
567; 0; 0; 0; 322.6; 
567; 0; 0; 0; 322.8; 
567; 0; 0; 0; 323; 
567; 0; 0; 0; 323.2; 
567; 0; 0; 0; 323.4; 
567; 0; 0; 0; 323.6; 
567; 0; 0; 0; 323.8; 
567; 0; 0; 0; 324; 
567; 0; 0; 0; 324.2; 
567; 0; 0; 0; 324.4; 
567; 0; 0; 0; 324.6; 
567; 0; 0; 0; 324.8; 
567; 0; 0; 0; 325; 
567; 0; 0; 0; 325.2; 
567; 0; 0; 0; 325.4; 
567; 0; 0; 0; 325.6; 
567; 0; 0; 0; 325.8; 
567; 0; 0; 0; 326; 
567; 0; 0; 0; 326.2; 
567; 0; 0; 0; 326.4; 
567; 0; 0; 0; 326.6; 
567; 0; 0; 0; 326.8; 
567; 0; 0; 0; 327; 
567; 0; 0; 0; 327.2; 
567; 0; 0; 0; 327.4; 
567; 0; 0; 0; 327.6; 
567; 0; 0; 0; 327.8; 
567; 0; 0; 0; 328; 
567; 0; 0; 0; 328.2; 
567; 0; 0; 0; 328.4; 
567; 0; 0; 0; 328.6; 
567; 0; 0; 0; 328.8; 
567; 0; 0; 0; 329; 
567; 0; 0; 0; 329.2; 
567; 0; 0; 0; 329.4; 
567; 0; 0; 0; 329.6; 
567; 0; 0; 0; 329.8; 
567; 0; 0; 0; 330; 
567; 0; 0; 0; 330.2; 
567; 0; 0; 0; 330.4; 
567; 0; 0; 0; 330.6; 
567; 0; 0; 0; 330.8; 
567; 0; 0; 0; 331; 
567; 0; 0; 0; 331.2; 
567; 0; 0; 0; 331.4; 
567; 0; 0; 0; 331.6; 
567; 0; 0; 0; 331.8; 
567; 0; 0; 0; 332; 
567; 0; 0; 0; 332.2; 
567; 0; 0; 0; 332.4; 
567; 0; 0; 0; 332.6; 
567; 0; 0; 0; 332.8; 
567; 0; 0; 0; 333; 
567; 0; 0; 0; 333.2; 
567; 0; 0; 0; 333.4; 
567; 0; 0; 0; 333.6; 
567; 0; 0; 0; 333.8; 
567; 0; 0; 0; 334; 
567; 0; 0; 0; 334.2; 
567; 0; 0; 0; 334.4; 
567; 0; 0; 0; 334.6; 
567; 0; 0; 0; 334.8; 
567; 0; 0; 0; 335; 
567; 0; 0; 0; 335.2; 
567; 0; 0; 0; 335.4; 
567; 0; 0; 0; 335.6; 
567; 0; 0; 0; 335.8; 
567; 0; 0; 0; 336; 
567; 0; 0; 0; 336.2; 
567; 0; 0; 0; 336.4; 
567; 0; 0; 0; 336.6; 
567; 0; 0; 0; 336.8; 
567; 0; 0; 0; 337; 
567; 0; 0; 0; 337.2; 
567; 0; 0; 0; 337.4; 
567; 0; 0; 0; 337.6; 
567; 0; 0; 0; 337.8; 
567; 0; 0; 0; 338; 
567; 0; 0; 0; 338.2; 
567; 0; 0; 0; 338.4; 
567; 0; 0; 0; 338.6; 
567; 0; 0; 0; 338.8; 
567; 0; 0; 0; 339; 
567; 0; 0; 0; 339.2; 
567; 0; 0; 0; 339.4; 
567; 0; 0; 0; 339.6; 
567; 0; 0; 0; 339.8; 
567; 0; 0; 0; 340; 
567; 0; 0; 0; 340.2; 
567; 0; 0; 0; 340.4; 
567; 0; 0; 0; 340.6; 
567; 0; 0; 0; 340.8; 
567; 0; 0; 0; 341; 
567; 0; 0; 0; 341.2; 
567; 0; 0; 0; 341.4; 
567; 0; 0; 0; 341.6; 
567; 0; 0; 0; 341.8; 
567; 0; 0; 0; 342; 
567; 0; 0; 0; 342.2; 
567; 0; 0; 0; 342.4; 
567; 0; 0; 0; 342.6; 
567; 0; 0; 0; 342.8; 
567; 0; 0; 0; 343; 
567; 0; 0; 0; 343.2; 
567; 0; 0; 0; 343.4; 
567; 0; 0; 0; 343.6; 
567; 0; 0; 0; 343.8; 
567; 0; 0; 0; 344; 
567; 0; 0; 0; 344.2; 
567; 0; 0; 0; 344.4; 
567; 0; 0; 0; 344.6; 
567; 0; 0; 0; 344.8; 
567; 0; 0; 0; 345; 
567; 0; 0; 0; 345.2; 
567; 0; 0; 0; 345.4; 
567; 0; 0; 0; 345.6; 
567; 0; 0; 0; 345.8; 
567; 0; 0; 0; 346; 
567; 0; 0; 0; 346.2; 
567; 0; 0; 0; 346.4; 
567; 0; 0; 0; 346.6; 
567; 0; 0; 0; 346.8; 
567; 0; 0; 0; 347; 
567; 0; 0; 0; 347.2; 
567; 0; 0; 0; 347.4; 
567; 0; 0; 0; 347.6; 
567; 0; 0; 0; 347.8; 
567; 0; 0; 0; 348; 
567; 0; 0; 0; 348.2; 
567; 0; 0; 0; 348.4; 
567; 0; 0; 0; 348.6; 
567; 0; 0; 0; 348.8; 
567; 0; 0; 0; 349; 
567; 0; 0; 0; 349.2; 
567; 0; 0; 0; 349.4; 
567; 0; 0; 0; 349.6; 
567; 0; 0; 0; 349.8; 
567; 0; 0; 0; 350; 
567; 0; 0; 0; 350.2; 
567; 0; 0; 0; 350.4; 
567; 0; 0; 0; 350.6; 
567; 0; 0; 0; 350.8; 
567; 0; 0; 0; 351; 
567; 0; 0; 0; 351.2; 
567; 0; 0; 0; 351.4; 
567; 0; 0; 0; 351.6; 
567; 0; 0; 0; 351.8; 
567; 0; 0; 0; 352; 
567; 0; 0; 0; 352.2; 
567; 0; 0; 0; 352.4; 
567; 0; 0; 0; 352.6; 
567; 0; 0; 0; 352.8; 
567; 0; 0; 0; 353; 
567; 0; 0; 0; 353.2; 
567; 0; 0; 0; 353.4; 
567; 0; 0; 0; 353.6; 
567; 0; 0; 0; 353.8; 
567; 0; 0; 0; 354; 
567; 0; 0; 0; 354.2; 
567; 0; 0; 0; 354.4; 
567; 0; 0; 0; 354.6; 
567; 0; 0; 0; 354.8; 
567; 0; 0; 0; 355; 
567; 0; 0; 0; 355.2; 
567; 0; 0; 0; 355.4; 
567; 0; 0; 0; 355.6; 
567; 0; 0; 0; 355.8; 
567; 0; 0; 0; 356; 
567; 0; 0; 0; 356.2; 
567; 0; 0; 0; 356.4; 
567; 0; 0; 0; 356.6; 
567; 0; 0; 0; 356.8; 
567; 0; 0; 0; 357; 
567; 0; 0; 0; 357.2; 
567; 0; 0; 0; 357.4; 
567; 0; 0; 0; 357.6; 
567; 0; 0; 0; 357.8; 
567; 0; 0; 0; 358; 
567; 0; 0; 0; 358.2; 
567; 0; 0; 0; 358.4; 
567; 0; 0; 0; 358.6; 
567; 0; 0; 0; 358.8; 
567; 0; 0; 0; 359; 
567; 0; 0; 0; 359.2; 
567; 0; 0; 0; 359.4; 
567; 0; 0; 0; 359.6; 
567; 0; 0; 0; 359.8; 
567; 0; 0; 0; 360; 
567; 0; 0; 0; 360.2; 
567; 0; 0; 0; 360.4; 
567; 0; 0; 0; 360.6; 
567; 0; 0; 0; 360.8; 
567; 0; 0; 0; 361; 
567; 0; 0; 0; 361.2; 
567; 0; 0; 0; 361.4; 
567; 0; 0; 0; 361.6; 
567; 0; 0; 0; 361.8; 
567; 0; 0; 0; 362; 
567; 0; 0; 0; 362.2; 
567; 0; 0; 0; 362.4; 
567; 0; 0; 0; 362.6; 
567; 0; 0; 0; 362.8; 
567; 0; 0; 0; 363; 
567; 0; 0; 0; 363.2; 
567; 0; 0; 0; 363.4; 
567; 0; 0; 0; 363.6; 
567; 0; 0; 0; 363.8; 
567; 0; 0; 0; 364; 
567; 0; 0; 0; 364.2; 
567; 0; 0; 0; 364.4; 
567; 0; 0; 0; 364.6; 
567; 0; 0; 0; 364.8; 
567; 0; 0; 0; 365; 
567; 0; 0; 0; 365.2; 
567; 0; 0; 0; 365.4; 
567; 0; 0; 0; 365.6; 
567; 0; 0; 0; 365.8; 
567; 0; 0; 0; 366; 
567; 0; 0; 0; 366.2; 
567; 0; 0; 0; 366.4; 
567; 0; 0; 0; 366.6; 
567; 0; 0; 0; 366.8; 
567; 0; 0; 0; 367; 
567; 0; 0; 0; 367.2; 
567; 0; 0; 0; 367.4; 
567; 0; 0; 0; 367.6; 
567; 0; 0; 0; 367.8; 
567; 0; 0; 0; 368; 
567; 0; 0; 0; 368.2; 
567; 0; 0; 0; 368.4; 
567; 0; 0; 0; 368.6; 
567; 0; 0; 0; 368.8; 
567; 0; 0; 0; 369; 
567; 0; 0; 0; 369.2; 
567; 0; 0; 0; 369.4; 
567; 0; 0; 0; 369.6; 
567; 0; 0; 0; 369.8; 
567; 0; 0; 0; 370; 
567; 0; 0; 0; 370.2; 
567; 0; 0; 0; 370.4; 
567; 0; 0; 0; 370.6; 
567; 0; 0; 0; 370.8; 
567; 0; 0; 0; 371; 
567; 0; 0; 0; 371.2; 
567; 0; 0; 0; 371.4; 
567; 0; 0; 0; 371.6; 
567; 0; 0; 0; 371.8; 
567; 0; 0; 0; 372; 
567; 0; 0; 0; 372.2; 
567; 0; 0; 0; 372.4; 
567; 0; 0; 0; 372.6; 
567; 0; 0; 0; 372.8; 
567; 0; 0; 0; 373; 
567; 0; 0; 0; 373.2; 
567; 0; 0; 0; 373.4; 
567; 0; 0; 0; 373.6; 
567; 0; 0; 0; 373.8; 
567; 0; 0; 0; 374; 
567; 0; 0; 0; 374.2; 
567; 0; 0; 0; 374.4; 
567; 0; 0; 0; 374.6; 
567; 0; 0; 0; 374.8; 
567; 0; 0; 0; 375; 
567; 0; 0; 0; 375.2; 
567; 0; 0; 0; 375.4; 
567; 0; 0; 0; 375.6; 
567; 0; 0; 0; 375.8; 
567; 0; 0; 0; 376; 
567; 0; 0; 0; 376.2; 
567; 0; 0; 0; 376.4; 
567; 0; 0; 0; 376.6; 
567; 0; 0; 0; 376.8; 
567; 0; 0; 0; 377; 
567; 0; 0; 0; 377.2; 
567; 0; 0; 0; 377.4; 
567; 0; 0; 0; 377.6; 
567; 0; 0; 0; 377.8; 
567; 0; 0; 0; 378; 
567; 0; 0; 0; 378.2; 
567; 0; 0; 0; 378.4; 
567; 0; 0; 0; 378.6; 
567; 0; 0; 0; 378.8; 
567; 0; 0; 0; 379; 
567; 0; 0; 0; 379.2; 
567; 0; 0; 0; 379.4; 
567; 0; 0; 0; 379.6; 
567; 0; 0; 0; 379.8; 
567; 0; 0; 0; 380; 
567; 0; 0; 0; 380.2; 
567; 0; 0; 0; 380.4; 
567; 0; 0; 0; 380.6; 
567; 0; 0; 0; 380.8; 
567; 0; 0; 0; 381; 
567; 0; 0; 0; 381.2; 
567; 0; 0; 0; 381.4; 
567; 0; 0; 0; 381.6; 
567; 0; 0; 0; 381.8; 
567; 0; 0; 0; 382; 
567; 0; 0; 0; 382.2; 
567; 0; 0; 0; 382.4; 
567; 0; 0; 0; 382.6; 
567; 0; 0; 0; 382.8; 
567; 0; 0; 0; 383; 
567; 0; 0; 0; 383.2; 
567; 0; 0; 0; 383.4; 
567; 0; 0; 0; 383.6; 
567; 0; 0; 0; 383.8; 
567; 0; 0; 0; 384; 
567; 0; 0; 0; 384.2; 
567; 0; 0; 0; 384.4; 
567; 0; 0; 0; 384.6; 
567; 0; 0; 0; 384.8; 
567; 0; 0; 0; 385; 
567; 0; 0; 0; 385.2; 
567; 0; 0; 0; 385.4; 
567; 0; 0; 0; 385.6; 
567; 0; 0; 0; 385.8; 
567; 0; 0; 0; 386; 
567; 0; 0; 0; 386.2; 
567; 0; 0; 0; 386.4; 
567; 0; 0; 0; 386.6; 
567; 0; 0; 0; 386.8; 
567; 0; 0; 0; 387; 
567; 0; 0; 0; 387.2; 
567; 0; 0; 0; 387.4; 
567; 0; 0; 0; 387.6; 
567; 0; 0; 0; 387.8; 
567; 0; 0; 0; 388; 
567; 0; 0; 0; 388.2; 
567; 0; 0; 0; 388.4; 
567; 0; 0; 0; 388.6; 
567; 0; 0; 0; 388.8; 
567; 0; 0; 0; 389; 
567; 0; 0; 0; 389.2; 
567; 0; 0; 0; 389.4; 
567; 0; 0; 0; 389.6; 
567; 0; 0; 0; 389.8; 
567; 0; 0; 0; 390; 
567; 0; 0; 0; 390.2; 
567; 0; 0; 0; 390.4; 
567; 0; 0; 0; 390.6; 
567; 0; 0; 0; 390.8; 
567; 0; 0; 0; 391; 
567; 0; 0; 0; 391.2; 
567; 0; 0; 0; 391.4; 
567; 0; 0; 0; 391.6; 
567; 0; 0; 0; 391.8; 
567; 0; 0; 0; 392; 
567; 0; 0; 0; 392.2; 
567; 0; 0; 0; 392.4; 
567; 0; 0; 0; 392.6; 
567; 0; 0; 0; 392.8; 
567; 0; 0; 0; 393; 
567; 0; 0; 0; 393.2; 
567; 0; 0; 0; 393.4; 
567; 0; 0; 0; 393.6; 
567; 0; 0; 0; 393.8; 
