567; 0; 0.01335; 170; 0; 
567; 0; 0.01335; 170; 0.2; 
567; 0; 0.01335; 170; 0.4; 
567; 0; 0.01335; 170; 0.6; 
567; 0; 0.01335; 170; 0.8; 
567; 0; 0.01335; 170; 1; 
567; 0; 0.01335; 170; 1.2; 
567; 0; 0.01335; 170; 1.4; 
567; 0; 0.01335; 170; 1.6; 
567; 0; 0.01335; 170; 1.8; 
567; 0; 0.01335; 170; 2; 
567; 0; 0.01335; 170; 2.2; 
567; 0; 0.01335; 170; 2.4; 
567; 0; 0.01335; 170; 2.6; 
567; 0; 0.01335; 170; 2.8; 
567; 0; 0.01335; 170; 3; 
567; 0; 0.01335; 170; 3.2; 
567; 0; 0.01335; 170; 3.4; 
567; 0; 0.01335; 170; 3.6; 
567; 0; 0.01335; 170; 3.8; 
567; 0; 0.01335; 170; 4; 
567; 0; 0.01335; 170; 4.2; 
567; 0; 0.01335; 170; 4.4; 
567; 0; 0.01335; 170; 4.6; 
567; 0; 0.01335; 170; 4.8; 
567; 0; 0.01335; 170; 5; 
567; 0; 0.01335; 170; 5.2; 
567; 0; 0.01335; 170; 5.4; 
567; 0; 0.01335; 170; 5.6; 
567; 0; 0.01335; 170; 5.8; 
567; 0; 0.01335; 170; 6; 
567; 0; 0.01335; 170; 6.2; 
567; 0; 0.01335; 170; 6.4; 
567; 0; 0.01335; 170; 6.6; 
567; 0; 0.01335; 170; 6.8; 
567; 0; 0.01335; 170; 7; 
567; 0; 0.01335; 170; 7.2; 
567; 0; 0.01335; 170; 7.4; 
567; 0; 0.01335; 170; 7.6; 
567; 0; 0.01335; 170; 7.8; 
567; 0; 0.01335; 170; 8; 
567; 0; 0.01335; 170; 8.2; 
567; 0; 0.01335; 170; 8.4; 
567; 0; 0.01335; 170; 8.6; 
567; 0; 0.01335; 170; 8.8; 
567; 0; 0.01335; 170; 9; 
567; 0; 0.01335; 170; 9.2; 
567; 0; 0.01335; 170; 9.4; 
567; 0; 0.01335; 170; 9.6; 
567; 0; 0.01335; 170; 9.8; 
567; 0; 0.01335; 170; 10; 
567; 0; 0.01335; 170; 10.2; 
567; 0; 0.01335; 170; 10.4; 
567; 0; 0.01335; 170; 10.6; 
567; 0; 0.01335; 170; 10.8; 
567; 0; 0.01335; 170; 11; 
567; 0; 0.01335; 170; 11.2; 
567; 0; 0.01335; 170; 11.4; 
567; 0; 0.01335; 170; 11.6; 
567; 0; 0.01335; 170; 11.8; 
567; 0; 0.01335; 170; 12; 
567; 0; 0.01335; 170; 12.2; 
567; 0; 0.01335; 170; 12.4; 
567; 0; 0.01335; 170; 12.6; 
567; 0; 0.01335; 170; 12.8; 
567; 0; 0.01335; 170; 13; 
567; 0; 0.01335; 170; 13.2; 
567; 0; 0.01335; 170; 13.4; 
567; 0; 0.01335; 170; 13.6; 
567; 0; 0.01335; 170; 13.8; 
567; 0; 0.01335; 170; 14; 
567; 0; 0.01335; 170; 14.2; 
567; 0; 0.01335; 170; 14.4; 
567; 0; 0.01335; 170; 14.6; 
567; 0; 0.01335; 170; 14.8; 
567; 0; 0.01335; 170; 15; 
567; 0; 0.01335; 170; 15.2; 
567; 0; 0.01335; 170; 15.4; 
567; 0; 0.01335; 170; 15.6; 
567; 0; 0.01335; 170; 15.8; 
567; 0; 0.01335; 170; 16; 
567; 0; 0.01335; 170; 16.2; 
567; 0; 0.01335; 170; 16.4; 
567; 0; 0.01335; 170; 16.6; 
567; 0; 0.01335; 170; 16.8; 
567; 0; 0.01335; 170; 17; 
567; 0; 0.01335; 170; 17.2; 
567; 0; 0.01335; 170; 17.4; 
567; 0; 0.01335; 170; 17.6; 
567; 0; 0.01335; 170; 17.8; 
567; 0; 0.01335; 170; 18; 
567; 0; 0.01335; 170; 18.2; 
567; 0; 0.01335; 170; 18.4; 
567; 0; 0.01335; 170; 18.6; 
567; 0; 0.01335; 170; 18.8; 
567; 0; 0.01335; 170; 19; 
567; 0; 0.01335; 170; 19.2; 
567; 0; 0.01335; 170; 19.4; 
567; 0; 0.01335; 170; 19.6; 
567; 0; 0.01335; 170; 19.8; 
567; 0; 0.01335; 170; 20; 
567; 0; 0.014685; 170; 20.2; 
567; 0; 0.014685; 170; 20.4; 
567; 0; 0.014685; 170; 20.6; 
567; 0; 0.014685; 170; 20.8; 
567; 0; 0.012015; 170; 21; 
567; 0; 0.012015; 170; 21.2; 
567; 0; 0.014685; 170; 21.4; 
567; 0; 0.014685; 170; 21.6; 
567; 0; 0.014685; 170; 21.8; 
567; 0; 0.014685; 170; 22; 
567; 0; 0.012015; 170; 22.2; 
567; 0; 0.012015; 170; 22.4; 
567; 0; 0.012015; 170; 22.6; 
567; 0; 0.012015; 170; 22.8; 
567; 0; 0.014685; 170; 23; 
567; 0; 0.014685; 170; 23.2; 
567; 0; 0.014685; 170; 23.4; 
567; 0; 0.014685; 170; 23.6; 
567; 0; 0.014685; 170; 23.8; 
567; 0; 0.014685; 170; 24; 
567; 0; 0.012015; 170; 24.2; 
567; 0; 0.012015; 170; 24.4; 
567; 0; 0.014685; 170; 24.6; 
567; 0; 0.014685; 170; 24.8; 
567; 0; 0.014685; 170; 25; 
567; 0; 0.014685; 170; 25.2; 
567; 0; 0.012015; 170; 25.4; 
567; 0; 0.012015; 170; 25.6; 
567; 0; 0.014685; 170; 25.8; 
567; 0; 0.014685; 170; 26; 
567; 0; 0.012015; 170; 26.2; 
567; 0; 0.012015; 170; 26.4; 
567; 0; 0.012015; 170; 26.6; 
567; 0; 0.012015; 170; 26.8; 
567; 0; 0.014685; 170; 27; 
567; 0; 0.014685; 170; 27.2; 
567; 0; 0.014685; 170; 27.4; 
567; 0; 0.014685; 170; 27.6; 
567; 0; 0.014685; 170; 27.8; 
567; 0; 0.014685; 170; 28; 
567; 0; 0.014685; 170; 28.2; 
567; 0; 0.014685; 170; 28.4; 
567; 0; 0.012015; 170; 28.6; 
567; 0; 0.012015; 170; 28.8; 
567; 0; 0.014685; 170; 29; 
567; 0; 0.014685; 170; 29.2; 
567; 0; 0.014685; 170; 29.4; 
567; 0; 0.014685; 170; 29.6; 
567; 0; 0.014685; 170; 29.8; 
567; 0; 0.014685; 170; 30; 
567; 0; 0.014685; 170; 30.2; 
567; 0; 0.014685; 170; 30.4; 
567; 0; 0.014685; 170; 30.6; 
567; 0; 0.014685; 170; 30.8; 
567; 0; 0.012015; 170; 31; 
567; 0; 0.012015; 170; 31.2; 
567; 0; 0.014685; 170; 31.4; 
567; 0; 0.014685; 170; 31.6; 
567; 0; 0.012015; 170; 31.8; 
567; 0; 0.012015; 170; 32; 
567; 0; 0.014685; 170; 32.2; 
567; 0; 0.014685; 170; 32.4; 
567; 0; 0.012015; 170; 32.6; 
567; 0; 0.012015; 170; 32.8; 
567; 0; 0.012015; 170; 33; 
567; 0; 0.012015; 170; 33.2; 
567; 0; 0.012015; 170; 33.4; 
567; 0; 0.012015; 170; 33.6; 
567; 0; 0.012015; 170; 33.8; 
567; 0; 0.012015; 170; 34; 
567; 0; 0.014685; 170; 34.2; 
567; 0; 0.014685; 170; 34.4; 
567; 0; 0.014685; 170; 34.6; 
567; 0; 0.014685; 170; 34.8; 
567; 0; 0.012015; 170; 35; 
567; 0; 0.012015; 170; 35.2; 
567; 0; 0.014685; 170; 35.4; 
567; 0; 0.014685; 170; 35.6; 
567; 0; 0.012015; 170; 35.8; 
567; 0; 0.012015; 170; 36; 
567; 0; 0.012015; 170; 36.2; 
567; 0; 0.012015; 170; 36.4; 
567; 0; 0.012015; 170; 36.6; 
567; 0; 0.012015; 170; 36.8; 
567; 0; 0.014685; 170; 37; 
567; 0; 0.014685; 170; 37.2; 
567; 0; 0.014685; 170; 37.4; 
567; 0; 0.014685; 170; 37.6; 
567; 0; 0.012015; 170; 37.8; 
567; 0; 0.012015; 170; 38; 
567; 0; 0.012015; 170; 38.2; 
567; 0; 0.012015; 170; 38.4; 
567; 0; 0.012015; 170; 38.6; 
567; 0; 0.012015; 170; 38.8; 
567; 0; 0.014685; 170; 39; 
567; 0; 0.014685; 170; 39.2; 
567; 0; 0.014685; 170; 39.4; 
567; 0; 0.014685; 170; 39.6; 
567; 0; 0.014685; 170; 39.8; 
567; 0; 0.014685; 170; 40; 
567; 0; 0.01335; 170; 40.2; 
567; 0; 0.01335; 170; 40.4; 
567; 0; 0.01335; 170; 40.6; 
567; 0; 0.01669; 170; 40.8; 
567; 0; 0.01669; 170; 41; 
567; 0; 0.01669; 170; 41.2; 
567; 0; 0.01669; 170; 41.4; 
567; 0; 0.01669; 170; 41.6; 
567; 0; 0.01669; 170; 41.8; 
567; 0; 0.01669; 170; 42; 
567; 0; 0.01669; 170; 42.2; 
567; 0; 0.01669; 170; 42.4; 
567; 0; 0.01669; 170; 42.6; 
567; 0; 0.01669; 170; 42.8; 
567; 0; 0.01669; 170; 43; 
567; 0; 0.01669; 170; 43.2; 
567; 0; 0.01669; 170; 43.4; 
567; 0; 0.01669; 170; 43.6; 
567; 0; 0.01669; 170; 43.8; 
567; 0; 0.01669; 170; 44; 
567; 0; 0.01669; 170; 44.2; 
567; 0; 0.01669; 170; 44.4; 
567; 0; 0.01669; 170; 44.6; 
567; 0; 0.01669; 170; 44.8; 
567; 0; 0.01669; 170; 45; 
567; 0; 0.01669; 170; 45.2; 
567; 0; 0.01669; 170; 45.4; 
567; 0; 0.01669; 170; 45.6; 
567; 0; 0.01669; 170; 45.8; 
567; 0; 0.01669; 170; 46; 
567; 0; 0.01669; 170; 46.2; 
567; 0; 0.01669; 170; 46.4; 
567; 0; 0.01669; 170; 46.6; 
567; 0; 0.01669; 170; 46.8; 
567; 0; 0.01669; 170; 47; 
567; 0; 0.01669; 170; 47.2; 
567; 0; 0.01669; 170; 47.4; 
567; 0; 0.01669; 170; 47.6; 
567; 0; 0.01669; 170; 47.8; 
567; 0; 0.01669; 170; 48; 
567; 0; 0.01669; 170; 48.2; 
567; 0; 0.01669; 170; 48.4; 
567; 0; 0.01669; 170; 48.6; 
567; 0; 0.01669; 170; 48.8; 
567; 0; 0.01669; 170; 49; 
567; 0; 0.01669; 170; 49.2; 
567; 0; 0.01669; 170; 49.4; 
567; 0; 0.01669; 170; 49.6; 
567; 0; 0.01669; 170; 49.8; 
567; 0; 0.01669; 170; 50; 
567; 0; 0.01669; 170; 50.2; 
567; 0; 0.01669; 170; 50.4; 
567; 0; 0.01669; 170; 50.6; 
567; 0; 0.01669; 170; 50.8; 
567; 0; 0.01669; 170; 51; 
567; 0; 0.01669; 170; 51.2; 
567; 0; 0.01669; 170; 51.4; 
567; 0; 0.01669; 170; 51.6; 
567; 0; 0.01669; 170; 51.8; 
567; 0; 0.01669; 170; 52; 
567; 0; 0.01669; 170; 52.2; 
567; 0; 0.01669; 170; 52.4; 
567; 0; 0.01669; 170; 52.6; 
567; 0; 0.01669; 170; 52.8; 
567; 0; 0.01669; 170; 53; 
567; 0; 0.01669; 170; 53.2; 
567; 0; 0.01669; 170; 53.4; 
567; 0; 0.01669; 170; 53.6; 
567; 0; 0.01669; 170; 53.8; 
567; 0; 0.01669; 170; 54; 
567; 0; 0.01669; 170; 54.2; 
567; 0; 0.01669; 170; 54.4; 
567; 0; 0.01669; 170; 54.6; 
567; 0; 0.01669; 170; 54.8; 
567; 0; 0.01669; 170; 55; 
567; 0; 0.01669; 170; 55.2; 
567; 0; 0.01669; 170; 55.4; 
567; 0; 0.01669; 170; 55.6; 
567; 0; 0.01669; 170; 55.8; 
567; 0; 0.01669; 170; 56; 
567; 0; 0.01669; 170; 56.2; 
567; 0; 0.01669; 170; 56.4; 
567; 0; 0.01669; 170; 56.6; 
567; 0; 0.01669; 170; 56.8; 
567; 0; 0.01669; 170; 57; 
567; 0; 0.01669; 170; 57.2; 
567; 0; 0.01669; 170; 57.4; 
567; 0; 0.01669; 170; 57.6; 
567; 0; 0.01669; 170; 57.8; 
567; 0; 0.01669; 170; 58; 
567; 0; 0.01669; 170; 58.2; 
567; 0; 0.01669; 170; 58.4; 
567; 0; 0.01669; 170; 58.6; 
567; 0; 0.01669; 170; 58.8; 
567; 0; 0.01669; 170; 59; 
567; 0; 0.01669; 170; 59.2; 
567; 0; 0.01669; 170; 59.4; 
567; 0; 0.01669; 170; 59.6; 
567; 0; 0.01669; 170; 59.8; 
567; 0; 0.01669; 170; 60; 
567; 0; 0.01669; 170; 60.2; 
567; 0; 0.01669; 170; 60.4; 
567; 0; 0.01669; 170; 60.6; 
567; 0; 0.015021; 170; 60.8; 
567; 0; 0.015021; 170; 61; 
567; 0; 0.018359; 170; 61.2; 
567; 0; 0.018359; 170; 61.4; 
567; 0; 0.018359; 170; 61.6; 
567; 0; 0.018359; 170; 61.8; 
567; 0; 0.015021; 170; 62; 
567; 0; 0.015021; 170; 62.2; 
567; 0; 0.015021; 170; 62.4; 
567; 0; 0.015021; 170; 62.6; 
567; 0; 0.015021; 170; 62.8; 
567; 0; 0.015021; 170; 63; 
567; 0; 0.018359; 170; 63.2; 
567; 0; 0.018359; 170; 63.4; 
567; 0; 0.015021; 170; 63.6; 
567; 0; 0.015021; 170; 63.8; 
567; 0; 0.018359; 170; 64; 
567; 0; 0.018359; 170; 64.2; 
567; 0; 0.015021; 170; 64.4; 
567; 0; 0.015021; 170; 64.6; 
567; 0; 0.018359; 170; 64.8; 
567; 0; 0.018359; 170; 65; 
567; 0; 0.015021; 170; 65.2; 
567; 0; 0.015021; 170; 65.4; 
567; 0; 0.018359; 170; 65.6; 
567; 0; 0.018359; 170; 65.8; 
567; 0; 0.018359; 170; 66; 
567; 0; 0.018359; 170; 66.2; 
567; 0; 0.018359; 170; 66.4; 
567; 0; 0.018359; 170; 66.6; 
567; 0; 0.018359; 170; 66.8; 
567; 0; 0.018359; 170; 67; 
567; 0; 0.018359; 170; 67.2; 
567; 0; 0.018359; 170; 67.4; 
567; 0; 0.015021; 170; 67.6; 
567; 0; 0.015021; 170; 67.8; 
567; 0; 0.015021; 170; 68; 
567; 0; 0.015021; 170; 68.2; 
567; 0; 0.015021; 170; 68.4; 
567; 0; 0.015021; 170; 68.6; 
567; 0; 0.018359; 170; 68.8; 
567; 0; 0.018359; 170; 69; 
567; 0; 0.015021; 170; 69.2; 
567; 0; 0.015021; 170; 69.4; 
567; 0; 0.018359; 170; 69.6; 
567; 0; 0.018359; 170; 69.8; 
567; 0; 0.015021; 170; 70; 
567; 0; 0.015021; 170; 70.2; 
567; 0; 0.018359; 170; 70.4; 
567; 0; 0.018359; 170; 70.6; 
567; 0; 0.015021; 170; 70.8; 
567; 0; 0.015021; 170; 71; 
567; 0; 0.015021; 170; 71.2; 
567; 0; 0.015021; 170; 71.4; 
567; 0; 0.015021; 170; 71.6; 
567; 0; 0.015021; 170; 71.8; 
567; 0; 0.018359; 170; 72; 
567; 0; 0.018359; 170; 72.2; 
567; 0; 0.015021; 170; 72.4; 
567; 0; 0.015021; 170; 72.6; 
567; 0; 0.015021; 170; 72.8; 
567; 0; 0.015021; 170; 73; 
567; 0; 0.018359; 170; 73.2; 
567; 0; 0.018359; 170; 73.4; 
567; 0; 0.018359; 170; 73.6; 
567; 0; 0.018359; 170; 73.8; 
567; 0; 0.018359; 170; 74; 
567; 0; 0.018359; 170; 74.2; 
567; 0; 0.018359; 170; 74.4; 
567; 0; 0.018359; 170; 74.6; 
567; 0; 0.015021; 170; 74.8; 
567; 0; 0.015021; 170; 75; 
567; 0; 0.018359; 170; 75.2; 
567; 0; 0.018359; 170; 75.4; 
567; 0; 0.018359; 170; 75.6; 
567; 0; 0.018359; 170; 75.8; 
567; 0; 0.015021; 170; 76; 
567; 0; 0.015021; 170; 76.2; 
567; 0; 0.018359; 170; 76.4; 
567; 0; 0.018359; 170; 76.6; 
567; 0; 0.015021; 170; 76.8; 
567; 0; 0.015021; 170; 77; 
567; 0; 0.015021; 170; 77.2; 
567; 0; 0.015021; 170; 77.4; 
567; 0; 0.018359; 170; 77.6; 
567; 0; 0.018359; 170; 77.8; 
567; 0; 0.018359; 170; 78; 
567; 0; 0.018359; 170; 78.2; 
567; 0; 0.018359; 170; 78.4; 
567; 0; 0.018359; 170; 78.6; 
567; 0; 0.015021; 170; 78.8; 
567; 0; 0.015021; 170; 79; 
567; 0; 0.018359; 170; 79.2; 
567; 0; 0.018359; 170; 79.4; 
567; 0; 0.015021; 170; 79.6; 
567; 0; 0.015021; 170; 79.8; 
567; 0; 0.015021; 170; 80; 
567; 0; 0.015021; 170; 80.2; 
567; 0; 0.015021; 170; 80.4; 
567; 0; 0.015021; 170; 80.6; 
567; 0; 0.01669; 170; 80.8; 
567; 0; 0.01669; 170; 81; 
567; 0; 0.01669; 170; 81.2; 
567; 0; 0.02; 170; 81.4; 
567; 0; 0.02; 170; 81.6; 
567; 0; 0.02; 170; 81.8; 
567; 0; 0.02; 170; 82; 
567; 0; 0.02; 170; 82.2; 
567; 0; 0.02; 170; 82.4; 
567; 0; 0.02; 170; 82.6; 
567; 0; 0.02; 170; 82.8; 
567; 0; 0.02; 170; 83; 
567; 0; 0.02; 170; 83.2; 
567; 0; 0.02; 170; 83.4; 
567; 0; 0.02; 170; 83.6; 
567; 0; 0.02; 170; 83.8; 
567; 0; 0.02; 170; 84; 
567; 0; 0.02; 170; 84.2; 
567; 0; 0.02; 170; 84.4; 
567; 0; 0.02; 170; 84.6; 
567; 0; 0.02; 170; 84.8; 
567; 0; 0.02; 170; 85; 
567; 0; 0.02; 170; 85.2; 
567; 0; 0.02; 170; 85.4; 
567; 0; 0.02; 170; 85.6; 
567; 0; 0.02; 170; 85.8; 
567; 0; 0.02; 170; 86; 
567; 0; 0.02; 170; 86.2; 
567; 0; 0.02; 170; 86.4; 
567; 0; 0.02; 170; 86.6; 
567; 0; 0.02; 170; 86.8; 
567; 0; 0.02; 170; 87; 
567; 0; 0.02; 170; 87.2; 
567; 0; 0.02; 170; 87.4; 
567; 0; 0.02; 170; 87.6; 
567; 0; 0.02; 170; 87.8; 
567; 0; 0.02; 170; 88; 
567; 0; 0.02; 170; 88.2; 
567; 0; 0.02; 170; 88.4; 
567; 0; 0.02; 170; 88.6; 
567; 0; 0.02; 170; 88.8; 
567; 0; 0.02; 170; 89; 
567; 0; 0.02; 170; 89.2; 
567; 0; 0.02; 170; 89.4; 
567; 0; 0.02; 170; 89.6; 
567; 0; 0.02; 170; 89.8; 
567; 0; 0.02; 170; 90; 
567; 0; 0.02; 170; 90.2; 
567; 0; 0.02; 170; 90.4; 
567; 0; 0.02; 170; 90.6; 
567; 0; 0.02; 170; 90.8; 
567; 0; 0.02; 170; 91; 
567; 0; 0.02; 170; 91.2; 
567; 0; 0.02; 170; 91.4; 
567; 0; 0.02; 170; 91.6; 
567; 0; 0.02; 170; 91.8; 
567; 0; 0.02; 170; 92; 
567; 0; 0.02; 170; 92.2; 
567; 0; 0.02; 170; 92.4; 
567; 0; 0.02; 170; 92.6; 
567; 0; 0.02; 170; 92.8; 
567; 0; 0.02; 170; 93; 
567; 0; 0.02; 170; 93.2; 
567; 0; 0.02; 170; 93.4; 
567; 0; 0.02; 170; 93.6; 
567; 0; 0.02; 170; 93.8; 
567; 0; 0.02; 170; 94; 
567; 0; 0.02; 170; 94.2; 
567; 0; 0.02; 170; 94.4; 
567; 0; 0.02; 170; 94.6; 
567; 0; 0.02; 170; 94.8; 
567; 0; 0.02; 170; 95; 
567; 0; 0.02; 170; 95.2; 
567; 0; 0.02; 170; 95.4; 
567; 0; 0.02; 170; 95.6; 
567; 0; 0.02; 170; 95.8; 
567; 0; 0.02; 170; 96; 
567; 0; 0.02; 170; 96.2; 
567; 0; 0.02; 170; 96.4; 
567; 0; 0.02; 170; 96.6; 
567; 0; 0.02; 170; 96.8; 
567; 0; 0.02; 170; 97; 
567; 0; 0.02; 170; 97.2; 
567; 0; 0.02; 170; 97.4; 
567; 0; 0.02; 170; 97.6; 
567; 0; 0.02; 170; 97.8; 
567; 0; 0.02; 170; 98; 
567; 0; 0.02; 170; 98.2; 
567; 0; 0.02; 170; 98.4; 
567; 0; 0.02; 170; 98.6; 
567; 0; 0.02; 170; 98.8; 
567; 0; 0.02; 170; 99; 
567; 0; 0.02; 170; 99.2; 
567; 0; 0.02; 170; 99.4; 
567; 0; 0.02; 170; 99.6; 
567; 0; 0.02; 170; 99.8; 
567; 0; 0.02; 170; 100; 
567; 0; 0.02; 170; 100.2; 
567; 0; 0.02; 170; 100.4; 
567; 0; 0.02; 170; 100.6; 
567; 0; 0.02; 170; 100.8; 
567; 0; 0.02; 170; 101; 
567; 0; 0.02; 170; 101.2; 
567; 0; 0.018; 170; 101.4; 
567; 0; 0.018; 170; 101.6; 
567; 0; 0.022; 170; 101.8; 
567; 0; 0.022; 170; 102; 
567; 0; 0.018; 170; 102.2; 
567; 0; 0.018; 170; 102.4; 
567; 0; 0.022; 170; 102.6; 
567; 0; 0.022; 170; 102.8; 
567; 0; 0.018; 170; 103; 
567; 0; 0.018; 170; 103.2; 
567; 0; 0.022; 170; 103.4; 
567; 0; 0.022; 170; 103.6; 
567; 0; 0.018; 170; 103.8; 
567; 0; 0.018; 170; 104; 
567; 0; 0.022; 170; 104.2; 
567; 0; 0.022; 170; 104.4; 
567; 0; 0.022; 170; 104.6; 
567; 0; 0.022; 170; 104.8; 
567; 0; 0.022; 170; 105; 
567; 0; 0.022; 170; 105.2; 
567; 0; 0.018; 170; 105.4; 
567; 0; 0.018; 170; 105.6; 
567; 0; 0.018; 170; 105.8; 
567; 0; 0.018; 170; 106; 
567; 0; 0.018; 170; 106.2; 
567; 0; 0.018; 170; 106.4; 
567; 0; 0.022; 170; 106.6; 
567; 0; 0.022; 170; 106.8; 
567; 0; 0.018; 170; 107; 
567; 0; 0.018; 170; 107.2; 
567; 0; 0.022; 170; 107.4; 
567; 0; 0.022; 170; 107.6; 
567; 0; 0.022; 170; 107.8; 
567; 0; 0.022; 170; 108; 
567; 0; 0.022; 170; 108.2; 
567; 0; 0.022; 170; 108.4; 
567; 0; 0.018; 170; 108.6; 
567; 0; 0.018; 170; 108.8; 
567; 0; 0.018; 170; 109; 
567; 0; 0.018; 170; 109.2; 
567; 0; 0.018; 170; 109.4; 
567; 0; 0.018; 170; 109.6; 
567; 0; 0.022; 170; 109.8; 
567; 0; 0.022; 170; 110; 
567; 0; 0.018; 170; 110.2; 
567; 0; 0.018; 170; 110.4; 
567; 0; 0.022; 170; 110.6; 
567; 0; 0.022; 170; 110.8; 
567; 0; 0.022; 170; 111; 
567; 0; 0.022; 170; 111.2; 
567; 0; 0.022; 170; 111.4; 
567; 0; 0.022; 170; 111.6; 
567; 0; 0.018; 170; 111.8; 
567; 0; 0.018; 170; 112; 
567; 0; 0.018; 170; 112.2; 
567; 0; 0.018; 170; 112.4; 
567; 0; 0.018; 170; 112.6; 
567; 0; 0.018; 170; 112.8; 
567; 0; 0.022; 170; 113; 
567; 0; 0.022; 170; 113.2; 
567; 0; 0.018; 170; 113.4; 
567; 0; 0.018; 170; 113.6; 
567; 0; 0.022; 170; 113.8; 
567; 0; 0.022; 170; 114; 
567; 0; 0.018; 170; 114.2; 
567; 0; 0.018; 170; 114.4; 
567; 0; 0.018; 170; 114.6; 
567; 0; 0.018; 170; 114.8; 
567; 0; 0.018; 170; 115; 
567; 0; 0.018; 170; 115.2; 
567; 0; 0.018; 170; 115.4; 
567; 0; 0.018; 170; 115.6; 
567; 0; 0.022; 170; 115.8; 
567; 0; 0.022; 170; 116; 
567; 0; 0.022; 170; 116.2; 
567; 0; 0.022; 170; 116.4; 
567; 0; 0.022; 170; 116.6; 
567; 0; 0.022; 170; 116.8; 
567; 0; 0.018; 170; 117; 
567; 0; 0.018; 170; 117.2; 
567; 0; 0.022; 170; 117.4; 
567; 0; 0.022; 170; 117.6; 
567; 0; 0.022; 170; 117.8; 
567; 0; 0.022; 170; 118; 
567; 0; 0.018; 170; 118.2; 
567; 0; 0.018; 170; 118.4; 
567; 0; 0.022; 170; 118.6; 
567; 0; 0.022; 170; 118.8; 
567; 0; 0.018; 170; 119; 
567; 0; 0.018; 170; 119.2; 
567; 0; 0.018; 170; 119.4; 
567; 0; 0.018; 170; 119.6; 
567; 0; 0.018; 170; 119.8; 
567; 0; 0.018; 170; 120; 
567; 0; 0.018; 170; 120.2; 
567; 0; 0.018; 170; 120.4; 
567; 0; 0.018; 170; 120.6; 
567; 0; 0.018; 170; 120.8; 
567; 0; 0.018; 170; 121; 
567; 0; 0.018; 170; 121.2; 
567; 0; 0.02; 170; 121.4; 
567; 0; 0.02; 170; 121.6; 
567; 0; 0.02; 170; 121.8; 
567; 0; 0.025; 170; 122; 
567; 0; 0.025; 170; 122.2; 
567; 0; 0.025; 170; 122.4; 
567; 0; 0.025; 170; 122.6; 
567; 0; 0.025; 170; 122.8; 
567; 0; 0.025; 170; 123; 
567; 0; 0.025; 170; 123.2; 
567; 0; 0.025; 170; 123.4; 
567; 0; 0.025; 170; 123.6; 
567; 0; 0.025; 170; 123.8; 
567; 0; 0.025; 170; 124; 
567; 0; 0.025; 170; 124.2; 
567; 0; 0.025; 170; 124.4; 
567; 0; 0.025; 170; 124.6; 
567; 0; 0.025; 170; 124.8; 
567; 0; 0.025; 170; 125; 
567; 0; 0.025; 170; 125.2; 
567; 0; 0.025; 170; 125.4; 
567; 0; 0.025; 170; 125.6; 
567; 0; 0.025; 170; 125.8; 
567; 0; 0.025; 170; 126; 
567; 0; 0.025; 170; 126.2; 
567; 0; 0.025; 170; 126.4; 
567; 0; 0.025; 170; 126.6; 
567; 0; 0.025; 170; 126.8; 
567; 0; 0.025; 170; 127; 
567; 0; 0.025; 170; 127.2; 
567; 0; 0.025; 170; 127.4; 
567; 0; 0.025; 170; 127.6; 
567; 0; 0.025; 170; 127.8; 
567; 0; 0.025; 170; 128; 
567; 0; 0.025; 170; 128.2; 
567; 0; 0.025; 170; 128.4; 
567; 0; 0.025; 170; 128.6; 
567; 0; 0.025; 170; 128.8; 
567; 0; 0.025; 170; 129; 
567; 0; 0.025; 170; 129.2; 
567; 0; 0.025; 170; 129.4; 
567; 0; 0.025; 170; 129.6; 
567; 0; 0.025; 170; 129.8; 
567; 0; 0.025; 170; 130; 
567; 0; 0.025; 170; 130.2; 
567; 0; 0.025; 170; 130.4; 
567; 0; 0.025; 170; 130.6; 
567; 0; 0.025; 170; 130.8; 
567; 0; 0.025; 170; 131; 
567; 0; 0.025; 170; 131.2; 
567; 0; 0.025; 170; 131.4; 
567; 0; 0.025; 170; 131.6; 
567; 0; 0.025; 170; 131.8; 
567; 0; 0.025; 170; 132; 
567; 0; 0.025; 170; 132.2; 
567; 0; 0.025; 170; 132.4; 
567; 0; 0.025; 170; 132.6; 
567; 0; 0.025; 170; 132.8; 
567; 0; 0.025; 170; 133; 
567; 0; 0.025; 170; 133.2; 
567; 0; 0.025; 170; 133.4; 
567; 0; 0.025; 170; 133.6; 
567; 0; 0.025; 170; 133.8; 
567; 0; 0.025; 170; 134; 
567; 0; 0.025; 170; 134.2; 
567; 0; 0.025; 170; 134.4; 
567; 0; 0.025; 170; 134.6; 
567; 0; 0.025; 170; 134.8; 
567; 0; 0.025; 170; 135; 
567; 0; 0.025; 170; 135.2; 
567; 0; 0.025; 170; 135.4; 
567; 0; 0.025; 170; 135.6; 
567; 0; 0.025; 170; 135.8; 
567; 0; 0.025; 170; 136; 
567; 0; 0.025; 170; 136.2; 
567; 0; 0.025; 170; 136.4; 
567; 0; 0.025; 170; 136.6; 
567; 0; 0.025; 170; 136.8; 
567; 0; 0.025; 170; 137; 
567; 0; 0.025; 170; 137.2; 
567; 0; 0.025; 170; 137.4; 
567; 0; 0.025; 170; 137.6; 
567; 0; 0.025; 170; 137.8; 
567; 0; 0.025; 170; 138; 
567; 0; 0.025; 170; 138.2; 
567; 0; 0.025; 170; 138.4; 
567; 0; 0.025; 170; 138.6; 
567; 0; 0.025; 170; 138.8; 
567; 0; 0.025; 170; 139; 
567; 0; 0.025; 170; 139.2; 
567; 0; 0.025; 170; 139.4; 
567; 0; 0.025; 170; 139.6; 
567; 0; 0.025; 170; 139.8; 
567; 0; 0.025; 170; 140; 
567; 0; 0.025; 170; 140.2; 
567; 0; 0.025; 170; 140.4; 
567; 0; 0.025; 170; 140.6; 
567; 0; 0.025; 170; 140.8; 
567; 0; 0.025; 170; 141; 
567; 0; 0.025; 170; 141.2; 
567; 0; 0.025; 170; 141.4; 
567; 0; 0.025; 170; 141.6; 
567; 0; 0.025; 170; 141.8; 
567; 0; 0.0225; 170; 142; 
567; 0; 0.0225; 170; 142.2; 
567; 0; 0.0225; 170; 142.4; 
567; 0; 0.0225; 170; 142.6; 
567; 0; 0.0275; 170; 142.8; 
567; 0; 0.0275; 170; 143; 
567; 0; 0.0275; 170; 143.2; 
567; 0; 0.0275; 170; 143.4; 
567; 0; 0.0225; 170; 143.6; 
567; 0; 0.0225; 170; 143.8; 
567; 0; 0.0225; 170; 144; 
567; 0; 0.0225; 170; 144.2; 
567; 0; 0.0225; 170; 144.4; 
567; 0; 0.0225; 170; 144.6; 
567; 0; 0.0275; 170; 144.8; 
567; 0; 0.0275; 170; 145; 
567; 0; 0.0225; 170; 145.2; 
567; 0; 0.0225; 170; 145.4; 
567; 0; 0.0225; 170; 145.6; 
567; 0; 0.0225; 170; 145.8; 
567; 0; 0.0275; 170; 146; 
567; 0; 0.0275; 170; 146.2; 
567; 0; 0.0225; 170; 146.4; 
567; 0; 0.0225; 170; 146.6; 
567; 0; 0.0225; 170; 146.8; 
567; 0; 0.0225; 170; 147; 
567; 0; 0.0225; 170; 147.2; 
567; 0; 0.0225; 170; 147.4; 
567; 0; 0.0225; 170; 147.6; 
567; 0; 0.0225; 170; 147.8; 
567; 0; 0.0225; 170; 148; 
567; 0; 0.0225; 170; 148.2; 
567; 0; 0.0275; 170; 148.4; 
567; 0; 0.0275; 170; 148.6; 
567; 0; 0.0275; 170; 148.8; 
567; 0; 0.0275; 170; 149; 
567; 0; 0.0275; 170; 149.2; 
567; 0; 0.0275; 170; 149.4; 
567; 0; 0.0225; 170; 149.6; 
567; 0; 0.0225; 170; 149.8; 
567; 0; 0.0225; 170; 150; 
567; 0; 0.0225; 170; 150.2; 
567; 0; 0.0225; 170; 150.4; 
567; 0; 0.0225; 170; 150.6; 
567; 0; 0.0275; 170; 150.8; 
567; 0; 0.0275; 170; 151; 
567; 0; 0.0225; 170; 151.2; 
567; 0; 0.0225; 170; 151.4; 
567; 0; 0.0225; 170; 151.6; 
567; 0; 0.0225; 170; 151.8; 
567; 0; 0.0225; 170; 152; 
567; 0; 0.0225; 170; 152.2; 
567; 0; 0.0275; 170; 152.4; 
567; 0; 0.0275; 170; 152.6; 
567; 0; 0.0275; 170; 152.8; 
567; 0; 0.0275; 170; 153; 
567; 0; 0.0275; 170; 153.2; 
567; 0; 0.0275; 170; 153.4; 
567; 0; 0.0225; 170; 153.6; 
567; 0; 0.0225; 170; 153.8; 
567; 0; 0.0275; 170; 154; 
567; 0; 0.0275; 170; 154.2; 
567; 0; 0.0225; 170; 154.4; 
567; 0; 0.0225; 170; 154.6; 
567; 0; 0.0275; 170; 154.8; 
567; 0; 0.0275; 170; 155; 
567; 0; 0.0225; 170; 155.2; 
567; 0; 0.0225; 170; 155.4; 
567; 0; 0.0275; 170; 155.6; 
567; 0; 0.0275; 170; 155.8; 
567; 0; 0.0225; 170; 156; 
567; 0; 0.0225; 170; 156.2; 
567; 0; 0.0225; 170; 156.4; 
567; 0; 0.0225; 170; 156.6; 
567; 0; 0.0275; 170; 156.8; 
567; 0; 0.0275; 170; 157; 
567; 0; 0.0275; 170; 157.2; 
567; 0; 0.0275; 170; 157.4; 
567; 0; 0.0225; 170; 157.6; 
567; 0; 0.0225; 170; 157.8; 
567; 0; 0.0275; 170; 158; 
567; 0; 0.0275; 170; 158.2; 
567; 0; 0.0275; 170; 158.4; 
567; 0; 0.0275; 170; 158.6; 
567; 0; 0.0225; 170; 158.8; 
567; 0; 0.0225; 170; 159; 
567; 0; 0.0225; 170; 159.2; 
567; 0; 0.0225; 170; 159.4; 
567; 0; 0.0225; 170; 159.6; 
567; 0; 0.0225; 170; 159.8; 
567; 0; 0.0225; 170; 160; 
567; 0; 0.0225; 170; 160.2; 
567; 0; 0.0275; 170; 160.4; 
567; 0; 0.0275; 170; 160.6; 
567; 0; 0.0275; 170; 160.8; 
567; 0; 0.0275; 170; 161; 
567; 0; 0.0275; 170; 161.2; 
567; 0; 0.0275; 170; 161.4; 
567; 0; 0.0275; 170; 161.6; 
567; 0; 0.0275; 170; 161.8; 
567; 0; 0.025; 170; 162; 
567; 0; 0.025; 170; 162.2; 
567; 0; 0.025; 170; 162.4; 
567; 0; 0.03; 170; 162.6; 
567; 0; 0.03; 170; 162.8; 
567; 0; 0.03; 170; 163; 
567; 0; 0.03; 170; 163.2; 
567; 0; 0.03; 170; 163.4; 
567; 0; 0.03; 170; 163.6; 
567; 0; 0.03; 170; 163.8; 
567; 0; 0.03; 170; 164; 
567; 0; 0.03; 170; 164.2; 
567; 0; 0.03; 170; 164.4; 
567; 0; 0.03; 170; 164.6; 
567; 0; 0.03; 170; 164.8; 
567; 0; 0.03; 170; 165; 
567; 0; 0.03; 170; 165.2; 
567; 0; 0.03; 170; 165.4; 
567; 0; 0.03; 170; 165.6; 
567; 0; 0.03; 170; 165.8; 
567; 0; 0.03; 170; 166; 
567; 0; 0.03; 170; 166.2; 
567; 0; 0.03; 170; 166.4; 
567; 0; 0.03; 170; 166.6; 
567; 0; 0.03; 170; 166.8; 
567; 0; 0.03; 170; 167; 
567; 0; 0.03; 170; 167.2; 
567; 0; 0.03; 170; 167.4; 
567; 0; 0.03; 170; 167.6; 
567; 0; 0.03; 170; 167.8; 
567; 0; 0.03; 170; 168; 
567; 0; 0.03; 170; 168.2; 
567; 0; 0.03; 170; 168.4; 
567; 0; 0.03; 170; 168.6; 
567; 0; 0.03; 170; 168.8; 
567; 0; 0.03; 170; 169; 
567; 0; 0.03; 170; 169.2; 
567; 0; 0.03; 170; 169.4; 
567; 0; 0.03; 170; 169.6; 
567; 0; 0.03; 170; 169.8; 
567; 0; 0.03; 170; 170; 
567; 0; 0.03; 170; 170.2; 
567; 0; 0.03; 170; 170.4; 
567; 0; 0.03; 170; 170.6; 
567; 0; 0.03; 170; 170.8; 
567; 0; 0.03; 170; 171; 
567; 0; 0.03; 170; 171.2; 
567; 0; 0.03; 170; 171.4; 
567; 0; 0.03; 170; 171.6; 
567; 0; 0.03; 170; 171.8; 
567; 0; 0.03; 170; 172; 
567; 0; 0.03; 170; 172.2; 
567; 0; 0.03; 170; 172.4; 
567; 0; 0.03; 170; 172.6; 
567; 0; 0.03; 170; 172.8; 
567; 0; 0.03; 170; 173; 
567; 0; 0.03; 170; 173.2; 
567; 0; 0.03; 170; 173.4; 
567; 0; 0.03; 170; 173.6; 
567; 0; 0.03; 170; 173.8; 
567; 0; 0.03; 170; 174; 
567; 0; 0.03; 170; 174.2; 
567; 0; 0.03; 170; 174.4; 
567; 0; 0.03; 170; 174.6; 
567; 0; 0.03; 170; 174.8; 
567; 0; 0.03; 170; 175; 
567; 0; 0.03; 170; 175.2; 
567; 0; 0.03; 170; 175.4; 
567; 0; 0.03; 170; 175.6; 
567; 0; 0.03; 170; 175.8; 
567; 0; 0.03; 170; 176; 
567; 0; 0.03; 170; 176.2; 
567; 0; 0.03; 170; 176.4; 
567; 0; 0.03; 170; 176.6; 
567; 0; 0.03; 170; 176.8; 
567; 0; 0.03; 170; 177; 
567; 0; 0.03; 170; 177.2; 
567; 0; 0.03; 170; 177.4; 
567; 0; 0.03; 170; 177.6; 
567; 0; 0.03; 170; 177.8; 
567; 0; 0.03; 170; 178; 
567; 0; 0.03; 170; 178.2; 
567; 0; 0.03; 170; 178.4; 
567; 0; 0.03; 170; 178.6; 
567; 0; 0.03; 170; 178.8; 
567; 0; 0.03; 170; 179; 
567; 0; 0.03; 170; 179.2; 
567; 0; 0.03; 170; 179.4; 
567; 0; 0.03; 170; 179.6; 
567; 0; 0.03; 170; 179.8; 
567; 0; 0.03; 170; 180; 
567; 0; 0.03; 170; 180.2; 
567; 0; 0.03; 170; 180.4; 
567; 0; 0.03; 170; 180.6; 
567; 0; 0.03; 170; 180.8; 
567; 0; 0.03; 170; 181; 
567; 0; 0.03; 170; 181.2; 
567; 0; 0.03; 170; 181.4; 
567; 0; 0.03; 170; 181.6; 
567; 0; 0.03; 170; 181.8; 
567; 0; 0.03; 170; 182; 
567; 0; 0.03; 170; 182.2; 
567; 0; 0.03; 170; 182.4; 
567; 0; 0.033; 170; 182.6; 
567; 0; 0.033; 170; 182.8; 
567; 0; 0.027; 170; 183; 
567; 0; 0.027; 170; 183.2; 
567; 0; 0.033; 170; 183.4; 
567; 0; 0.033; 170; 183.6; 
567; 0; 0.033; 170; 183.8; 
567; 0; 0.033; 170; 184; 
567; 0; 0.027; 170; 184.2; 
567; 0; 0.027; 170; 184.4; 
567; 0; 0.033; 170; 184.6; 
567; 0; 0.033; 170; 184.8; 
567; 0; 0.033; 170; 185; 
567; 0; 0.033; 170; 185.2; 
567; 0; 0.033; 170; 185.4; 
567; 0; 0.033; 170; 185.6; 
567; 0; 0.033; 170; 185.8; 
567; 0; 0.033; 170; 186; 
567; 0; 0.033; 170; 186.2; 
567; 0; 0.033; 170; 186.4; 
567; 0; 0.027; 170; 186.6; 
567; 0; 0.027; 170; 186.8; 
567; 0; 0.027; 170; 187; 
567; 0; 0.027; 170; 187.2; 
567; 0; 0.027; 170; 187.4; 
567; 0; 0.027; 170; 187.6; 
567; 0; 0.027; 170; 187.8; 
567; 0; 0.027; 170; 188; 
567; 0; 0.033; 170; 188.2; 
567; 0; 0.033; 170; 188.4; 
567; 0; 0.027; 170; 188.6; 
567; 0; 0.027; 170; 188.8; 
567; 0; 0.027; 170; 189; 
567; 0; 0.027; 170; 189.2; 
567; 0; 0.027; 170; 189.4; 
567; 0; 0.027; 170; 189.6; 
567; 0; 0.027; 170; 189.8; 
567; 0; 0.027; 170; 190; 
567; 0; 0.027; 170; 190.2; 
567; 0; 0.027; 170; 190.4; 
567; 0; 0.027; 170; 190.6; 
567; 0; 0.027; 170; 190.8; 
567; 0; 0.033; 170; 191; 
567; 0; 0.033; 170; 191.2; 
567; 0; 0.027; 170; 191.4; 
567; 0; 0.027; 170; 191.6; 
567; 0; 0.027; 170; 191.8; 
567; 0; 0.027; 170; 192; 
567; 0; 0.033; 170; 192.2; 
567; 0; 0.033; 170; 192.4; 
567; 0; 0.033; 170; 192.6; 
567; 0; 0.033; 170; 192.8; 
567; 0; 0.027; 170; 193; 
567; 0; 0.027; 170; 193.2; 
567; 0; 0.027; 170; 193.4; 
567; 0; 0.027; 170; 193.6; 
567; 0; 0.027; 170; 193.8; 
567; 0; 0.027; 170; 194; 
567; 0; 0.027; 170; 194.2; 
567; 0; 0.027; 170; 194.4; 
567; 0; 0.033; 170; 194.6; 
567; 0; 0.033; 170; 194.8; 
567; 0; 0.027; 170; 195; 
567; 0; 0.027; 170; 195.2; 
567; 0; 0.033; 170; 195.4; 
567; 0; 0.033; 170; 195.6; 
567; 0; 0.033; 170; 195.8; 
567; 0; 0.033; 170; 196; 
567; 0; 0.027; 170; 196.2; 
567; 0; 0.027; 170; 196.4; 
567; 0; 0.027; 170; 196.6; 
567; 0; 0.027; 170; 196.8; 
567; 0; 0.027; 170; 197; 
567; 0; 0.027; 170; 197.2; 
567; 0; 0.027; 170; 197.4; 
567; 0; 0.027; 170; 197.6; 
567; 0; 0.027; 170; 197.8; 
567; 0; 0.027; 170; 198; 
567; 0; 0.033; 170; 198.2; 
567; 0; 0.033; 170; 198.4; 
567; 0; 0.027; 170; 198.6; 
567; 0; 0.027; 170; 198.8; 
567; 0; 0.027; 170; 199; 
567; 0; 0.027; 170; 199.2; 
567; 0; 0.033; 170; 199.4; 
567; 0; 0.033; 170; 199.6; 
567; 0; 0.027; 170; 199.8; 
567; 0; 0.027; 170; 200; 
567; 0; 0.033; 170; 200.2; 
567; 0; 0.033; 170; 200.4; 
567; 0; 0.033; 170; 200.6; 
567; 0; 0.033; 170; 200.8; 
567; 0; 0.027; 170; 201; 
567; 0; 0.027; 170; 201.2; 
567; 0; 0.033; 170; 201.4; 
567; 0; 0.033; 170; 201.6; 
567; 0; 0.027; 170; 201.8; 
567; 0; 0.027; 170; 202; 
567; 0; 0.027; 170; 202.2; 
567; 0; 0.027; 170; 202.4; 
567; 0; 0.03; 170; 202.6; 
567; 0; 0.03; 170; 202.8; 
567; 0; 0.03; 170; 203; 
567; 0; 0.0334; 170; 203.2; 
567; 0; 0.0334; 170; 203.4; 
567; 0; 0.0334; 170; 203.6; 
567; 0; 0.0334; 170; 203.8; 
567; 0; 0.0334; 170; 204; 
567; 0; 0.0334; 170; 204.2; 
567; 0; 0.0334; 170; 204.4; 
567; 0; 0.0334; 170; 204.6; 
567; 0; 0.0334; 170; 204.8; 
567; 0; 0.0334; 170; 205; 
567; 0; 0.0334; 170; 205.2; 
567; 0; 0.0334; 170; 205.4; 
567; 0; 0.0334; 170; 205.6; 
567; 0; 0.0334; 170; 205.8; 
567; 0; 0.0334; 170; 206; 
567; 0; 0.0334; 170; 206.2; 
567; 0; 0.0334; 170; 206.4; 
567; 0; 0.0334; 170; 206.6; 
567; 0; 0.0334; 170; 206.8; 
567; 0; 0.0334; 170; 207; 
567; 0; 0.0334; 170; 207.2; 
567; 0; 0.0334; 170; 207.4; 
567; 0; 0.0334; 170; 207.6; 
567; 0; 0.0334; 170; 207.8; 
567; 0; 0.0334; 170; 208; 
567; 0; 0.0334; 170; 208.2; 
567; 0; 0.0334; 170; 208.4; 
567; 0; 0.0334; 170; 208.6; 
567; 0; 0.0334; 170; 208.8; 
567; 0; 0.0334; 170; 209; 
567; 0; 0.0334; 170; 209.2; 
567; 0; 0.0334; 170; 209.4; 
567; 0; 0.0334; 170; 209.6; 
567; 0; 0.0334; 170; 209.8; 
567; 0; 0.0334; 170; 210; 
567; 0; 0.0334; 170; 210.2; 
567; 0; 0.0334; 170; 210.4; 
567; 0; 0.0334; 170; 210.6; 
567; 0; 0.0334; 170; 210.8; 
567; 0; 0.0334; 170; 211; 
567; 0; 0.0334; 170; 211.2; 
567; 0; 0.0334; 170; 211.4; 
567; 0; 0.0334; 170; 211.6; 
567; 0; 0.0334; 170; 211.8; 
567; 0; 0.0334; 170; 212; 
567; 0; 0.0334; 170; 212.2; 
567; 0; 0.0334; 170; 212.4; 
567; 0; 0.0334; 170; 212.6; 
567; 0; 0.0334; 170; 212.8; 
567; 0; 0.0334; 170; 213; 
567; 0; 0.0334; 170; 213.2; 
567; 0; 0.0334; 170; 213.4; 
567; 0; 0.0334; 170; 213.6; 
567; 0; 0.0334; 170; 213.8; 
567; 0; 0.0334; 170; 214; 
567; 0; 0.0334; 170; 214.2; 
567; 0; 0.0334; 170; 214.4; 
567; 0; 0.0334; 170; 214.6; 
567; 0; 0.0334; 170; 214.8; 
567; 0; 0.0334; 170; 215; 
567; 0; 0.0334; 170; 215.2; 
567; 0; 0.0334; 170; 215.4; 
567; 0; 0.0334; 170; 215.6; 
567; 0; 0.0334; 170; 215.8; 
567; 0; 0.0334; 170; 216; 
567; 0; 0.0334; 170; 216.2; 
567; 0; 0.0334; 170; 216.4; 
567; 0; 0.0334; 170; 216.6; 
567; 0; 0.0334; 170; 216.8; 
567; 0; 0.0334; 170; 217; 
567; 0; 0.0334; 170; 217.2; 
567; 0; 0.0334; 170; 217.4; 
567; 0; 0.0334; 170; 217.6; 
567; 0; 0.0334; 170; 217.8; 
567; 0; 0.0334; 170; 218; 
567; 0; 0.0334; 170; 218.2; 
567; 0; 0.0334; 170; 218.4; 
567; 0; 0.0334; 170; 218.6; 
567; 0; 0.0334; 170; 218.8; 
567; 0; 0.0334; 170; 219; 
567; 0; 0.0334; 170; 219.2; 
567; 0; 0.0334; 170; 219.4; 
567; 0; 0.0334; 170; 219.6; 
567; 0; 0.0334; 170; 219.8; 
567; 0; 0.0334; 170; 220; 
567; 0; 0.0334; 170; 220.2; 
567; 0; 0.0334; 170; 220.4; 
567; 0; 0.0334; 170; 220.6; 
567; 0; 0.0334; 170; 220.8; 
567; 0; 0.0334; 170; 221; 
567; 0; 0.0334; 170; 221.2; 
567; 0; 0.0334; 170; 221.4; 
567; 0; 0.0334; 170; 221.6; 
567; 0; 0.0334; 170; 221.8; 
567; 0; 0.0334; 170; 222; 
567; 0; 0.0334; 170; 222.2; 
567; 0; 0.0334; 170; 222.4; 
567; 0; 0.0334; 170; 222.6; 
567; 0; 0.0334; 170; 222.8; 
567; 0; 0.0334; 170; 223; 
567; 0; 0.03674; 170; 223.2; 
567; 0; 0.03674; 170; 223.4; 
567; 0; 0.03674; 170; 223.6; 
567; 0; 0.03674; 170; 223.8; 
567; 0; 0.03674; 170; 224; 
567; 0; 0.03674; 170; 224.2; 
567; 0; 0.03006; 170; 224.4; 
567; 0; 0.03006; 170; 224.6; 
567; 0; 0.03006; 170; 224.8; 
567; 0; 0.03006; 170; 225; 
567; 0; 0.03674; 170; 225.2; 
567; 0; 0.03674; 170; 225.4; 
567; 0; 0.03674; 170; 225.6; 
567; 0; 0.03674; 170; 225.8; 
567; 0; 0.03006; 170; 226; 
567; 0; 0.03006; 170; 226.2; 
567; 0; 0.03006; 170; 226.4; 
567; 0; 0.03006; 170; 226.6; 
567; 0; 0.03674; 170; 226.8; 
567; 0; 0.03674; 170; 227; 
567; 0; 0.03006; 170; 227.2; 
567; 0; 0.03006; 170; 227.4; 
567; 0; 0.03674; 170; 227.6; 
567; 0; 0.03674; 170; 227.8; 
567; 0; 0.03674; 170; 228; 
567; 0; 0.03674; 170; 228.2; 
567; 0; 0.03674; 170; 228.4; 
567; 0; 0.03674; 170; 228.6; 
567; 0; 0.03006; 170; 228.8; 
567; 0; 0.03006; 170; 229; 
567; 0; 0.03006; 170; 229.2; 
567; 0; 0.03006; 170; 229.4; 
567; 0; 0.03006; 170; 229.6; 
567; 0; 0.03006; 170; 229.8; 
567; 0; 0.03674; 170; 230; 
567; 0; 0.03674; 170; 230.2; 
567; 0; 0.03006; 170; 230.4; 
567; 0; 0.03006; 170; 230.6; 
567; 0; 0.03674; 170; 230.8; 
567; 0; 0.03674; 170; 231; 
567; 0; 0.03006; 170; 231.2; 
567; 0; 0.03006; 170; 231.4; 
567; 0; 0.03674; 170; 231.6; 
567; 0; 0.03674; 170; 231.8; 
567; 0; 0.03006; 170; 232; 
567; 0; 0.03006; 170; 232.2; 
567; 0; 0.03674; 170; 232.4; 
567; 0; 0.03674; 170; 232.6; 
567; 0; 0.03674; 170; 232.8; 
567; 0; 0.03674; 170; 233; 
567; 0; 0.03674; 170; 233.2; 
567; 0; 0.03674; 170; 233.4; 
567; 0; 0.03674; 170; 233.6; 
567; 0; 0.03674; 170; 233.8; 
567; 0; 0.03006; 170; 234; 
567; 0; 0.03006; 170; 234.2; 
567; 0; 0.03674; 170; 234.4; 
567; 0; 0.03674; 170; 234.6; 
567; 0; 0.03006; 170; 234.8; 
567; 0; 0.03006; 170; 235; 
567; 0; 0.03006; 170; 235.2; 
567; 0; 0.03006; 170; 235.4; 
567; 0; 0.03674; 170; 235.6; 
567; 0; 0.03674; 170; 235.8; 
567; 0; 0.03674; 170; 236; 
567; 0; 0.03674; 170; 236.2; 
567; 0; 0.03006; 170; 236.4; 
567; 0; 0.03006; 170; 236.6; 
567; 0; 0.03674; 170; 236.8; 
567; 0; 0.03674; 170; 237; 
567; 0; 0.03674; 170; 237.2; 
567; 0; 0.03674; 170; 237.4; 
567; 0; 0.03674; 170; 237.6; 
567; 0; 0.03674; 170; 237.8; 
567; 0; 0.03674; 170; 238; 
567; 0; 0.03674; 170; 238.2; 
567; 0; 0.03674; 170; 238.4; 
567; 0; 0.03674; 170; 238.6; 
567; 0; 0.03674; 170; 238.8; 
567; 0; 0.03674; 170; 239; 
567; 0; 0.03006; 170; 239.2; 
567; 0; 0.03006; 170; 239.4; 
567; 0; 0.03006; 170; 239.6; 
567; 0; 0.03006; 170; 239.8; 
567; 0; 0.03674; 170; 240; 
567; 0; 0.03674; 170; 240.2; 
567; 0; 0.03006; 170; 240.4; 
567; 0; 0.03006; 170; 240.6; 
567; 0; 0.03006; 170; 240.8; 
567; 0; 0.03006; 170; 241; 
567; 0; 0.03006; 170; 241.2; 
567; 0; 0.03006; 170; 241.4; 
567; 0; 0.03674; 170; 241.6; 
567; 0; 0.03674; 170; 241.8; 
567; 0; 0.03674; 170; 242; 
567; 0; 0.03674; 170; 242.2; 
567; 0; 0.03674; 170; 242.4; 
567; 0; 0.03674; 170; 242.6; 
567; 0; 0.03006; 170; 242.8; 
567; 0; 0.03006; 170; 243; 
567; 0; 0.0334; 170; 243.2; 
567; 0; 0.0334; 170; 243.4; 
567; 0; 0.0334; 170; 243.6; 
567; 0; 0.04172; 170; 243.8; 
567; 0; 0.04172; 170; 244; 
567; 0; 0.04172; 170; 244.2; 
567; 0; 0.04172; 170; 244.4; 
567; 0; 0.04172; 170; 244.6; 
567; 0; 0.04172; 170; 244.8; 
567; 0; 0.04172; 170; 245; 
567; 0; 0.04172; 170; 245.2; 
567; 0; 0.04172; 170; 245.4; 
567; 0; 0.04172; 170; 245.6; 
567; 0; 0.04172; 170; 245.8; 
567; 0; 0.04172; 170; 246; 
567; 0; 0.04172; 170; 246.2; 
567; 0; 0.04172; 170; 246.4; 
567; 0; 0.04172; 170; 246.6; 
567; 0; 0.04172; 170; 246.8; 
567; 0; 0.04172; 170; 247; 
567; 0; 0.04172; 170; 247.2; 
567; 0; 0.04172; 170; 247.4; 
567; 0; 0.04172; 170; 247.6; 
567; 0; 0.04172; 170; 247.8; 
567; 0; 0.04172; 170; 248; 
567; 0; 0.04172; 170; 248.2; 
567; 0; 0.04172; 170; 248.4; 
567; 0; 0.04172; 170; 248.6; 
567; 0; 0.04172; 170; 248.8; 
567; 0; 0.04172; 170; 249; 
567; 0; 0.04172; 170; 249.2; 
567; 0; 0.04172; 170; 249.4; 
567; 0; 0.04172; 170; 249.6; 
567; 0; 0.04172; 170; 249.8; 
567; 0; 0.04172; 170; 250; 
567; 0; 0.04172; 170; 250.2; 
567; 0; 0.04172; 170; 250.4; 
567; 0; 0.04172; 170; 250.6; 
567; 0; 0.04172; 170; 250.8; 
567; 0; 0.04172; 170; 251; 
567; 0; 0.04172; 170; 251.2; 
567; 0; 0.04172; 170; 251.4; 
567; 0; 0.04172; 170; 251.6; 
567; 0; 0.04172; 170; 251.8; 
567; 0; 0.04172; 170; 252; 
567; 0; 0.04172; 170; 252.2; 
567; 0; 0.04172; 170; 252.4; 
567; 0; 0.04172; 170; 252.6; 
567; 0; 0.04172; 170; 252.8; 
567; 0; 0.04172; 170; 253; 
567; 0; 0.04172; 170; 253.2; 
567; 0; 0.04172; 170; 253.4; 
567; 0; 0.04172; 170; 253.6; 
567; 0; 0.04172; 170; 253.8; 
567; 0; 0.04172; 170; 254; 
567; 0; 0.04172; 170; 254.2; 
567; 0; 0.04172; 170; 254.4; 
567; 0; 0.04172; 170; 254.6; 
567; 0; 0.04172; 170; 254.8; 
567; 0; 0.04172; 170; 255; 
567; 0; 0.04172; 170; 255.2; 
567; 0; 0.04172; 170; 255.4; 
567; 0; 0.04172; 170; 255.6; 
567; 0; 0.04172; 170; 255.8; 
567; 0; 0.04172; 170; 256; 
567; 0; 0.04172; 170; 256.2; 
567; 0; 0.04172; 170; 256.4; 
567; 0; 0.04172; 170; 256.6; 
567; 0; 0.04172; 170; 256.8; 
567; 0; 0.04172; 170; 257; 
567; 0; 0.04172; 170; 257.2; 
567; 0; 0.04172; 170; 257.4; 
567; 0; 0.04172; 170; 257.6; 
567; 0; 0.04172; 170; 257.8; 
567; 0; 0.04172; 170; 258; 
567; 0; 0.04172; 170; 258.2; 
567; 0; 0.04172; 170; 258.4; 
567; 0; 0.04172; 170; 258.6; 
567; 0; 0.04172; 170; 258.8; 
567; 0; 0.04172; 170; 259; 
567; 0; 0.04172; 170; 259.2; 
567; 0; 0.04172; 170; 259.4; 
567; 0; 0.04172; 170; 259.6; 
567; 0; 0.04172; 170; 259.8; 
567; 0; 0.04172; 170; 260; 
567; 0; 0.04172; 170; 260.2; 
567; 0; 0.04172; 170; 260.4; 
567; 0; 0.04172; 170; 260.6; 
567; 0; 0.04172; 170; 260.8; 
567; 0; 0.04172; 170; 261; 
567; 0; 0.04172; 170; 261.2; 
567; 0; 0.04172; 170; 261.4; 
567; 0; 0.04172; 170; 261.6; 
567; 0; 0.04172; 170; 261.8; 
567; 0; 0.04172; 170; 262; 
567; 0; 0.04172; 170; 262.2; 
567; 0; 0.04172; 170; 262.4; 
567; 0; 0.04172; 170; 262.6; 
567; 0; 0.04172; 170; 262.8; 
567; 0; 0.04172; 170; 263; 
567; 0; 0.04172; 170; 263.2; 
567; 0; 0.04172; 170; 263.4; 
567; 0; 0.04172; 170; 263.6; 
567; 0; 0.037548; 170; 263.8; 
567; 0; 0.037548; 170; 264; 
567; 0; 0.045892; 170; 264.2; 
567; 0; 0.045892; 170; 264.4; 
567; 0; 0.037548; 170; 264.6; 
567; 0; 0.037548; 170; 264.8; 
567; 0; 0.037548; 170; 265; 
567; 0; 0.037548; 170; 265.2; 
567; 0; 0.045892; 170; 265.4; 
567; 0; 0.045892; 170; 265.6; 
567; 0; 0.037548; 170; 265.8; 
567; 0; 0.037548; 170; 266; 
567; 0; 0.045892; 170; 266.2; 
567; 0; 0.045892; 170; 266.4; 
567; 0; 0.045892; 170; 266.6; 
567; 0; 0.045892; 170; 266.8; 
567; 0; 0.045892; 170; 267; 
567; 0; 0.045892; 170; 267.2; 
567; 0; 0.037548; 170; 267.4; 
567; 0; 0.037548; 170; 267.6; 
567; 0; 0.045892; 170; 267.8; 
567; 0; 0.045892; 170; 268; 
567; 0; 0.045892; 170; 268.2; 
567; 0; 0.045892; 170; 268.4; 
567; 0; 0.045892; 170; 268.6; 
567; 0; 0.045892; 170; 268.8; 
567; 0; 0.045892; 170; 269; 
567; 0; 0.045892; 170; 269.2; 
567; 0; 0.045892; 170; 269.4; 
567; 0; 0.045892; 170; 269.6; 
567; 0; 0.037548; 170; 269.8; 
567; 0; 0.037548; 170; 270; 
567; 0; 0.037548; 170; 270.2; 
567; 0; 0.037548; 170; 270.4; 
567; 0; 0.045892; 170; 270.6; 
567; 0; 0.045892; 170; 270.8; 
567; 0; 0.037548; 170; 271; 
567; 0; 0.037548; 170; 271.2; 
567; 0; 0.037548; 170; 271.4; 
567; 0; 0.037548; 170; 271.6; 
567; 0; 0.037548; 170; 271.8; 
567; 0; 0.037548; 170; 272; 
567; 0; 0.037548; 170; 272.2; 
567; 0; 0.037548; 170; 272.4; 
567; 0; 0.045892; 170; 272.6; 
567; 0; 0.045892; 170; 272.8; 
567; 0; 0.045892; 170; 273; 
567; 0; 0.045892; 170; 273.2; 
567; 0; 0.037548; 170; 273.4; 
567; 0; 0.037548; 170; 273.6; 
567; 0; 0.037548; 170; 273.8; 
567; 0; 0.037548; 170; 274; 
567; 0; 0.045892; 170; 274.2; 
567; 0; 0.045892; 170; 274.4; 
567; 0; 0.037548; 170; 274.6; 
567; 0; 0.037548; 170; 274.8; 
567; 0; 0.045892; 170; 275; 
567; 0; 0.045892; 170; 275.2; 
567; 0; 0.045892; 170; 275.4; 
567; 0; 0.045892; 170; 275.6; 
567; 0; 0.037548; 170; 275.8; 
567; 0; 0.037548; 170; 276; 
567; 0; 0.037548; 170; 276.2; 
567; 0; 0.037548; 170; 276.4; 
567; 0; 0.037548; 170; 276.6; 
567; 0; 0.037548; 170; 276.8; 
567; 0; 0.045892; 170; 277; 
567; 0; 0.045892; 170; 277.2; 
567; 0; 0.037548; 170; 277.4; 
567; 0; 0.037548; 170; 277.6; 
567; 0; 0.037548; 170; 277.8; 
567; 0; 0.037548; 170; 278; 
567; 0; 0.037548; 170; 278.2; 
567; 0; 0.037548; 170; 278.4; 
567; 0; 0.037548; 170; 278.6; 
567; 0; 0.037548; 170; 278.8; 
567; 0; 0.037548; 170; 279; 
567; 0; 0.037548; 170; 279.2; 
567; 0; 0.037548; 170; 279.4; 
567; 0; 0.037548; 170; 279.6; 
567; 0; 0.045892; 170; 279.8; 
567; 0; 0.045892; 170; 280; 
567; 0; 0.045892; 170; 280.2; 
567; 0; 0.045892; 170; 280.4; 
567; 0; 0.037548; 170; 280.6; 
567; 0; 0.037548; 170; 280.8; 
567; 0; 0.045892; 170; 281; 
567; 0; 0.045892; 170; 281.2; 
567; 0; 0.037548; 170; 281.4; 
567; 0; 0.037548; 170; 281.6; 
567; 0; 0.037548; 170; 281.8; 
567; 0; 0.037548; 170; 282; 
567; 0; 0.045892; 170; 282.2; 
567; 0; 0.045892; 170; 282.4; 
567; 0; 0.045892; 170; 282.6; 
567; 0; 0.045892; 170; 282.8; 
567; 0; 0.037548; 170; 283; 
567; 0; 0.037548; 170; 283.2; 
567; 0; 0.045892; 170; 283.4; 
567; 0; 0.045892; 170; 283.6; 
567; 0; 0.04172; 170; 283.8; 
567; 0; 0.04172; 170; 284; 
567; 0; 0.04172; 170; 284.2; 
567; 0; 0.05; 170; 284.4; 
567; 0; 0.05; 170; 284.6; 
567; 0; 0.05; 170; 284.8; 
567; 0; 0.05; 170; 285; 
567; 0; 0.05; 170; 285.2; 
567; 0; 0.05; 170; 285.4; 
567; 0; 0.05; 170; 285.6; 
567; 0; 0.05; 170; 285.8; 
567; 0; 0.05; 170; 286; 
567; 0; 0.05; 170; 286.2; 
567; 0; 0.05; 170; 286.4; 
567; 0; 0.05; 170; 286.6; 
567; 0; 0.05; 170; 286.8; 
567; 0; 0.05; 170; 287; 
567; 0; 0.05; 170; 287.2; 
567; 0; 0.05; 170; 287.4; 
567; 0; 0.05; 170; 287.6; 
567; 0; 0.05; 170; 287.8; 
567; 0; 0.05; 170; 288; 
567; 0; 0.05; 170; 288.2; 
567; 0; 0.05; 170; 288.4; 
567; 0; 0.05; 170; 288.6; 
567; 0; 0.05; 170; 288.8; 
567; 0; 0.05; 170; 289; 
567; 0; 0.05; 170; 289.2; 
567; 0; 0.05; 170; 289.4; 
567; 0; 0.05; 170; 289.6; 
567; 0; 0.05; 170; 289.8; 
567; 0; 0.05; 170; 290; 
567; 0; 0.05; 170; 290.2; 
567; 0; 0.05; 170; 290.4; 
567; 0; 0.05; 170; 290.6; 
567; 0; 0.05; 170; 290.8; 
567; 0; 0.05; 170; 291; 
567; 0; 0.05; 170; 291.2; 
567; 0; 0.05; 170; 291.4; 
567; 0; 0.05; 170; 291.6; 
567; 0; 0.05; 170; 291.8; 
567; 0; 0.05; 170; 292; 
567; 0; 0.05; 170; 292.2; 
567; 0; 0.05; 170; 292.4; 
567; 0; 0.05; 170; 292.6; 
567; 0; 0.05; 170; 292.8; 
567; 0; 0.05; 170; 293; 
567; 0; 0.05; 170; 293.2; 
567; 0; 0.05; 170; 293.4; 
567; 0; 0.05; 170; 293.6; 
567; 0; 0.05; 170; 293.8; 
567; 0; 0.05; 170; 294; 
567; 0; 0.05; 170; 294.2; 
567; 0; 0.05; 170; 294.4; 
567; 0; 0.05; 170; 294.6; 
567; 0; 0.05; 170; 294.8; 
567; 0; 0.05; 170; 295; 
567; 0; 0.05; 170; 295.2; 
567; 0; 0.05; 170; 295.4; 
567; 0; 0.05; 170; 295.6; 
567; 0; 0.05; 170; 295.8; 
567; 0; 0.05; 170; 296; 
567; 0; 0.05; 170; 296.2; 
567; 0; 0.05; 170; 296.4; 
567; 0; 0.05; 170; 296.6; 
567; 0; 0.05; 170; 296.8; 
567; 0; 0.05; 170; 297; 
567; 0; 0.05; 170; 297.2; 
567; 0; 0.05; 170; 297.4; 
567; 0; 0.05; 170; 297.6; 
567; 0; 0.05; 170; 297.8; 
567; 0; 0.05; 170; 298; 
567; 0; 0.05; 170; 298.2; 
567; 0; 0.05; 170; 298.4; 
567; 0; 0.05; 170; 298.6; 
567; 0; 0.05; 170; 298.8; 
567; 0; 0.05; 170; 299; 
567; 0; 0.05; 170; 299.2; 
567; 0; 0.05; 170; 299.4; 
567; 0; 0.05; 170; 299.6; 
567; 0; 0.05; 170; 299.8; 
567; 0; 0.05; 170; 300; 
567; 0; 0.05; 170; 300.2; 
567; 0; 0.05; 170; 300.4; 
567; 0; 0.05; 170; 300.6; 
567; 0; 0.05; 170; 300.8; 
567; 0; 0.05; 170; 301; 
567; 0; 0.05; 170; 301.2; 
567; 0; 0.05; 170; 301.4; 
567; 0; 0.05; 170; 301.6; 
567; 0; 0.05; 170; 301.8; 
567; 0; 0.05; 170; 302; 
567; 0; 0.05; 170; 302.2; 
567; 0; 0.05; 170; 302.4; 
567; 0; 0.05; 170; 302.6; 
567; 0; 0.05; 170; 302.8; 
567; 0; 0.05; 170; 303; 
567; 0; 0.05; 170; 303.2; 
567; 0; 0.05; 170; 303.4; 
567; 0; 0.05; 170; 303.6; 
567; 0; 0.05; 170; 303.8; 
567; 0; 0.05; 170; 304; 
567; 0; 0.05; 170; 304.2; 
567; 0; 0.045; 170; 304.4; 
567; 0; 0.045; 170; 304.6; 
567; 0; 0.055; 170; 304.8; 
567; 0; 0.055; 170; 305; 
567; 0; 0.055; 170; 305.2; 
567; 0; 0.055; 170; 305.4; 
567; 0; 0.055; 170; 305.6; 
567; 0; 0.055; 170; 305.8; 
567; 0; 0.055; 170; 306; 
567; 0; 0.055; 170; 306.2; 
567; 0; 0.055; 170; 306.4; 
567; 0; 0.055; 170; 306.6; 
567; 0; 0.045; 170; 306.8; 
567; 0; 0.045; 170; 307; 
567; 0; 0.045; 170; 307.2; 
567; 0; 0.045; 170; 307.4; 
567; 0; 0.055; 170; 307.6; 
567; 0; 0.055; 170; 307.8; 
567; 0; 0.045; 170; 308; 
567; 0; 0.045; 170; 308.2; 
567; 0; 0.045; 170; 308.4; 
567; 0; 0.045; 170; 308.6; 
567; 0; 0.055; 170; 308.8; 
567; 0; 0.055; 170; 309; 
567; 0; 0.055; 170; 309.2; 
567; 0; 0.055; 170; 309.4; 
567; 0; 0.055; 170; 309.6; 
567; 0; 0.055; 170; 309.8; 
567; 0; 0.045; 170; 310; 
567; 0; 0.045; 170; 310.2; 
567; 0; 0.045; 170; 310.4; 
567; 0; 0.045; 170; 310.6; 
567; 0; 0.045; 170; 310.8; 
567; 0; 0.045; 170; 311; 
567; 0; 0.055; 170; 311.2; 
567; 0; 0.055; 170; 311.4; 
567; 0; 0.045; 170; 311.6; 
567; 0; 0.045; 170; 311.8; 
567; 0; 0.055; 170; 312; 
567; 0; 0.055; 170; 312.2; 
567; 0; 0.055; 170; 312.4; 
567; 0; 0.055; 170; 312.6; 
567; 0; 0.045; 170; 312.8; 
567; 0; 0.045; 170; 313; 
567; 0; 0.045; 170; 313.2; 
567; 0; 0.045; 170; 313.4; 
567; 0; 0.045; 170; 313.6; 
567; 0; 0.045; 170; 313.8; 
567; 0; 0.045; 170; 314; 
567; 0; 0.045; 170; 314.2; 
567; 0; 0.045; 170; 314.4; 
567; 0; 0.045; 170; 314.6; 
567; 0; 0.055; 170; 314.8; 
567; 0; 0.055; 170; 315; 
567; 0; 0.045; 170; 315.2; 
567; 0; 0.045; 170; 315.4; 
567; 0; 0.045; 170; 315.6; 
567; 0; 0.045; 170; 315.8; 
567; 0; 0.055; 170; 316; 
567; 0; 0.055; 170; 316.2; 
567; 0; 0.045; 170; 316.4; 
567; 0; 0.045; 170; 316.6; 
567; 0; 0.045; 170; 316.8; 
567; 0; 0.045; 170; 317; 
567; 0; 0.055; 170; 317.2; 
567; 0; 0.055; 170; 317.4; 
567; 0; 0.045; 170; 317.6; 
567; 0; 0.045; 170; 317.8; 
567; 0; 0.055; 170; 318; 
567; 0; 0.055; 170; 318.2; 
567; 0; 0.055; 170; 318.4; 
567; 0; 0.055; 170; 318.6; 
567; 0; 0.055; 170; 318.8; 
567; 0; 0.055; 170; 319; 
567; 0; 0.045; 170; 319.2; 
567; 0; 0.045; 170; 319.4; 
567; 0; 0.055; 170; 319.6; 
567; 0; 0.055; 170; 319.8; 
567; 0; 0.045; 170; 320; 
567; 0; 0.045; 170; 320.2; 
567; 0; 0.055; 170; 320.4; 
567; 0; 0.055; 170; 320.6; 
567; 0; 0.055; 170; 320.8; 
567; 0; 0.055; 170; 321; 
567; 0; 0.055; 170; 321.2; 
567; 0; 0.055; 170; 321.4; 
567; 0; 0.045; 170; 321.6; 
567; 0; 0.045; 170; 321.8; 
567; 0; 0.055; 170; 322; 
567; 0; 0.055; 170; 322.2; 
567; 0; 0.045; 170; 322.4; 
567; 0; 0.045; 170; 322.6; 
567; 0; 0.045; 170; 322.8; 
567; 0; 0.045; 170; 323; 
567; 0; 0.045; 170; 323.2; 
567; 0; 0.045; 170; 323.4; 
567; 0; 0.045; 170; 323.6; 
567; 0; 0.045; 170; 323.8; 
567; 0; 0.045; 170; 324; 
567; 0; 0.045; 170; 324.2; 
567; 0; 0.05; 170; 324.4; 
567; 0; 0.05; 170; 324.6; 
567; 0; 0.05; 170; 324.8; 
567; 0; 0.05841; 170; 325; 
567; 0; 0.05841; 170; 325.2; 
567; 0; 0.05841; 170; 325.4; 
567; 0; 0.05841; 170; 325.6; 
567; 0; 0.05841; 170; 325.8; 
567; 0; 0.05841; 170; 326; 
567; 0; 0.05841; 170; 326.2; 
567; 0; 0.05841; 170; 326.4; 
567; 0; 0.05841; 170; 326.6; 
567; 0; 0.05841; 170; 326.8; 
567; 0; 0.05841; 170; 327; 
567; 0; 0.05841; 170; 327.2; 
567; 0; 0.05841; 170; 327.4; 
567; 0; 0.05841; 170; 327.6; 
567; 0; 0.05841; 170; 327.8; 
567; 0; 0.05841; 170; 328; 
567; 0; 0.05841; 170; 328.2; 
567; 0; 0.05841; 170; 328.4; 
567; 0; 0.05841; 170; 328.6; 
567; 0; 0.05841; 170; 328.8; 
567; 0; 0.05841; 170; 329; 
567; 0; 0.05841; 170; 329.2; 
567; 0; 0.05841; 170; 329.4; 
567; 0; 0.05841; 170; 329.6; 
567; 0; 0.05841; 170; 329.8; 
567; 0; 0.05841; 170; 330; 
567; 0; 0.05841; 170; 330.2; 
567; 0; 0.05841; 170; 330.4; 
567; 0; 0.05841; 170; 330.6; 
567; 0; 0.05841; 170; 330.8; 
567; 0; 0.05841; 170; 331; 
567; 0; 0.05841; 170; 331.2; 
567; 0; 0.05841; 170; 331.4; 
567; 0; 0.05841; 170; 331.6; 
567; 0; 0.05841; 170; 331.8; 
567; 0; 0.05841; 170; 332; 
567; 0; 0.05841; 170; 332.2; 
567; 0; 0.05841; 170; 332.4; 
567; 0; 0.05841; 170; 332.6; 
567; 0; 0.05841; 170; 332.8; 
567; 0; 0.05841; 170; 333; 
567; 0; 0.05841; 170; 333.2; 
567; 0; 0.05841; 170; 333.4; 
567; 0; 0.05841; 170; 333.6; 
567; 0; 0.05841; 170; 333.8; 
567; 0; 0.05841; 170; 334; 
567; 0; 0.05841; 170; 334.2; 
567; 0; 0.05841; 170; 334.4; 
567; 0; 0.05841; 170; 334.6; 
567; 0; 0.05841; 170; 334.8; 
567; 0; 0.05841; 170; 335; 
567; 0; 0.05841; 170; 335.2; 
567; 0; 0.05841; 170; 335.4; 
567; 0; 0.05841; 170; 335.6; 
567; 0; 0.05841; 170; 335.8; 
567; 0; 0.05841; 170; 336; 
567; 0; 0.05841; 170; 336.2; 
567; 0; 0.05841; 170; 336.4; 
567; 0; 0.05841; 170; 336.6; 
567; 0; 0.05841; 170; 336.8; 
567; 0; 0.05841; 170; 337; 
567; 0; 0.05841; 170; 337.2; 
567; 0; 0.05841; 170; 337.4; 
567; 0; 0.05841; 170; 337.6; 
567; 0; 0.05841; 170; 337.8; 
567; 0; 0.05841; 170; 338; 
567; 0; 0.05841; 170; 338.2; 
567; 0; 0.05841; 170; 338.4; 
567; 0; 0.05841; 170; 338.6; 
567; 0; 0.05841; 170; 338.8; 
567; 0; 0.05841; 170; 339; 
567; 0; 0.05841; 170; 339.2; 
567; 0; 0.05841; 170; 339.4; 
567; 0; 0.05841; 170; 339.6; 
567; 0; 0.05841; 170; 339.8; 
567; 0; 0.05841; 170; 340; 
567; 0; 0.05841; 170; 340.2; 
567; 0; 0.05841; 170; 340.4; 
567; 0; 0.05841; 170; 340.6; 
567; 0; 0.05841; 170; 340.8; 
567; 0; 0.05841; 170; 341; 
567; 0; 0.05841; 170; 341.2; 
567; 0; 0.05841; 170; 341.4; 
567; 0; 0.05841; 170; 341.6; 
567; 0; 0.05841; 170; 341.8; 
567; 0; 0.05841; 170; 342; 
567; 0; 0.05841; 170; 342.2; 
567; 0; 0.05841; 170; 342.4; 
567; 0; 0.05841; 170; 342.6; 
567; 0; 0.05841; 170; 342.8; 
567; 0; 0.05841; 170; 343; 
567; 0; 0.05841; 170; 343.2; 
567; 0; 0.05841; 170; 343.4; 
567; 0; 0.05841; 170; 343.6; 
567; 0; 0.05841; 170; 343.8; 
567; 0; 0.05841; 170; 344; 
567; 0; 0.05841; 170; 344.2; 
567; 0; 0.05841; 170; 344.4; 
567; 0; 0.05841; 170; 344.6; 
567; 0; 0.05841; 170; 344.8; 
567; 0; 0.052569; 170; 345; 
567; 0; 0.052569; 170; 345.2; 
567; 0; 0.052569; 170; 345.4; 
567; 0; 0.052569; 170; 345.6; 
567; 0; 0.064251; 170; 345.8; 
567; 0; 0.064251; 170; 346; 
567; 0; 0.052569; 170; 346.2; 
567; 0; 0.052569; 170; 346.4; 
567; 0; 0.064251; 170; 346.6; 
567; 0; 0.064251; 170; 346.8; 
567; 0; 0.064251; 170; 347; 
567; 0; 0.064251; 170; 347.2; 
567; 0; 0.064251; 170; 347.4; 
567; 0; 0.064251; 170; 347.6; 
567; 0; 0.052569; 170; 347.8; 
567; 0; 0.052569; 170; 348; 
567; 0; 0.052569; 170; 348.2; 
567; 0; 0.052569; 170; 348.4; 
567; 0; 0.052569; 170; 348.6; 
567; 0; 0.052569; 170; 348.8; 
567; 0; 0.064251; 170; 349; 
567; 0; 0.064251; 170; 349.2; 
567; 0; 0.064251; 170; 349.4; 
567; 0; 0.064251; 170; 349.6; 
567; 0; 0.052569; 170; 349.8; 
567; 0; 0.052569; 170; 350; 
567; 0; 0.064251; 170; 350.2; 
567; 0; 0.064251; 170; 350.4; 
567; 0; 0.064251; 170; 350.6; 
567; 0; 0.064251; 170; 350.8; 
567; 0; 0.064251; 170; 351; 
567; 0; 0.064251; 170; 351.2; 
567; 0; 0.064251; 170; 351.4; 
567; 0; 0.064251; 170; 351.6; 
567; 0; 0.052569; 170; 351.8; 
567; 0; 0.052569; 170; 352; 
567; 0; 0.052569; 170; 352.2; 
567; 0; 0.052569; 170; 352.4; 
567; 0; 0.064251; 170; 352.6; 
567; 0; 0.064251; 170; 352.8; 
567; 0; 0.064251; 170; 353; 
567; 0; 0.064251; 170; 353.2; 
567; 0; 0.052569; 170; 353.4; 
567; 0; 0.052569; 170; 353.6; 
567; 0; 0.052569; 170; 353.8; 
567; 0; 0.052569; 170; 354; 
567; 0; 0.052569; 170; 354.2; 
567; 0; 0.052569; 170; 354.4; 
567; 0; 0.052569; 170; 354.6; 
567; 0; 0.052569; 170; 354.8; 
567; 0; 0.052569; 170; 355; 
567; 0; 0.052569; 170; 355.2; 
567; 0; 0.052569; 170; 355.4; 
567; 0; 0.052569; 170; 355.6; 
567; 0; 0.064251; 170; 355.8; 
567; 0; 0.064251; 170; 356; 
567; 0; 0.052569; 170; 356.2; 
567; 0; 0.052569; 170; 356.4; 
567; 0; 0.064251; 170; 356.6; 
567; 0; 0.064251; 170; 356.8; 
567; 0; 0.064251; 170; 357; 
567; 0; 0.064251; 170; 357.2; 
567; 0; 0.064251; 170; 357.4; 
567; 0; 0.064251; 170; 357.6; 
567; 0; 0.064251; 170; 357.8; 
567; 0; 0.064251; 170; 358; 
567; 0; 0.064251; 170; 358.2; 
567; 0; 0.064251; 170; 358.4; 
567; 0; 0.052569; 170; 358.6; 
567; 0; 0.052569; 170; 358.8; 
567; 0; 0.064251; 170; 359; 
567; 0; 0.064251; 170; 359.2; 
567; 0; 0.052569; 170; 359.4; 
567; 0; 0.052569; 170; 359.6; 
567; 0; 0.064251; 170; 359.8; 
567; 0; 0.064251; 170; 360; 
567; 0; 0.064251; 170; 360.2; 
567; 0; 0.064251; 170; 360.4; 
567; 0; 0.052569; 170; 360.6; 
567; 0; 0.052569; 170; 360.8; 
567; 0; 0.052569; 170; 361; 
567; 0; 0.052569; 170; 361.2; 
567; 0; 0.052569; 170; 361.4; 
567; 0; 0.052569; 170; 361.6; 
567; 0; 0.064251; 170; 361.8; 
567; 0; 0.064251; 170; 362; 
567; 0; 0.064251; 170; 362.2; 
567; 0; 0.064251; 170; 362.4; 
567; 0; 0.052569; 170; 362.6; 
567; 0; 0.052569; 170; 362.8; 
567; 0; 0.064251; 170; 363; 
567; 0; 0.064251; 170; 363.2; 
567; 0; 0.064251; 170; 363.4; 
567; 0; 0.064251; 170; 363.6; 
567; 0; 0.052569; 170; 363.8; 
567; 0; 0.052569; 170; 364; 
567; 0; 0.064251; 170; 364.2; 
567; 0; 0.064251; 170; 364.4; 
567; 0; 0.052569; 170; 364.6; 
567; 0; 0.052569; 170; 364.8; 
567; 0; 0.05841; 170; 365; 
567; 0; 0.05841; 170; 365.2; 
567; 0; 0.05841; 170; 365.4; 
567; 0; 0.06676; 170; 365.6; 
567; 0; 0.06676; 170; 365.8; 
567; 0; 0.06676; 170; 366; 
567; 0; 0.06676; 170; 366.2; 
567; 0; 0.06676; 170; 366.4; 
567; 0; 0.06676; 170; 366.6; 
567; 0; 0.06676; 170; 366.8; 
567; 0; 0.06676; 170; 367; 
567; 0; 0.06676; 170; 367.2; 
567; 0; 0.06676; 170; 367.4; 
567; 0; 0.06676; 170; 367.6; 
567; 0; 0.06676; 170; 367.8; 
567; 0; 0.06676; 170; 368; 
567; 0; 0.06676; 170; 368.2; 
567; 0; 0.06676; 170; 368.4; 
567; 0; 0.06676; 170; 368.6; 
567; 0; 0.06676; 170; 368.8; 
567; 0; 0.06676; 170; 369; 
567; 0; 0.06676; 170; 369.2; 
567; 0; 0.06676; 170; 369.4; 
567; 0; 0.06676; 170; 369.6; 
567; 0; 0.06676; 170; 369.8; 
567; 0; 0.06676; 170; 370; 
567; 0; 0.06676; 170; 370.2; 
567; 0; 0.06676; 170; 370.4; 
567; 0; 0.06676; 170; 370.6; 
567; 0; 0.06676; 170; 370.8; 
567; 0; 0.06676; 170; 371; 
567; 0; 0.06676; 170; 371.2; 
567; 0; 0.06676; 170; 371.4; 
567; 0; 0.06676; 170; 371.6; 
567; 0; 0.06676; 170; 371.8; 
567; 0; 0.06676; 170; 372; 
567; 0; 0.06676; 170; 372.2; 
567; 0; 0.06676; 170; 372.4; 
567; 0; 0.06676; 170; 372.6; 
567; 0; 0.06676; 170; 372.8; 
567; 0; 0.06676; 170; 373; 
567; 0; 0.06676; 170; 373.2; 
567; 0; 0.06676; 170; 373.4; 
567; 0; 0.06676; 170; 373.6; 
567; 0; 0.06676; 170; 373.8; 
567; 0; 0.06676; 170; 374; 
567; 0; 0.06676; 170; 374.2; 
567; 0; 0.06676; 170; 374.4; 
567; 0; 0.06676; 170; 374.6; 
567; 0; 0.06676; 170; 374.8; 
567; 0; 0.06676; 170; 375; 
567; 0; 0.06676; 170; 375.2; 
567; 0; 0.06676; 170; 375.4; 
567; 0; 0.06676; 170; 375.6; 
567; 0; 0.06676; 170; 375.8; 
567; 0; 0.06676; 170; 376; 
567; 0; 0.06676; 170; 376.2; 
567; 0; 0.06676; 170; 376.4; 
567; 0; 0.06676; 170; 376.6; 
567; 0; 0.06676; 170; 376.8; 
567; 0; 0.06676; 170; 377; 
567; 0; 0.06676; 170; 377.2; 
567; 0; 0.06676; 170; 377.4; 
567; 0; 0.06676; 170; 377.6; 
567; 0; 0.06676; 170; 377.8; 
567; 0; 0.06676; 170; 378; 
567; 0; 0.06676; 170; 378.2; 
567; 0; 0.06676; 170; 378.4; 
567; 0; 0.06676; 170; 378.6; 
567; 0; 0.06676; 170; 378.8; 
567; 0; 0.06676; 170; 379; 
567; 0; 0.06676; 170; 379.2; 
567; 0; 0.06676; 170; 379.4; 
567; 0; 0.06676; 170; 379.6; 
567; 0; 0.06676; 170; 379.8; 
567; 0; 0.06676; 170; 380; 
567; 0; 0.06676; 170; 380.2; 
567; 0; 0.06676; 170; 380.4; 
567; 0; 0.06676; 170; 380.6; 
567; 0; 0.06676; 170; 380.8; 
567; 0; 0.06676; 170; 381; 
567; 0; 0.06676; 170; 381.2; 
567; 0; 0.06676; 170; 381.4; 
567; 0; 0.06676; 170; 381.6; 
567; 0; 0.06676; 170; 381.8; 
567; 0; 0.06676; 170; 382; 
567; 0; 0.06676; 170; 382.2; 
567; 0; 0.06676; 170; 382.4; 
567; 0; 0.06676; 170; 382.6; 
567; 0; 0.06676; 170; 382.8; 
567; 0; 0.06676; 170; 383; 
567; 0; 0.06676; 170; 383.2; 
567; 0; 0.06676; 170; 383.4; 
567; 0; 0.06676; 170; 383.6; 
567; 0; 0.06676; 170; 383.8; 
567; 0; 0.06676; 170; 384; 
567; 0; 0.06676; 170; 384.2; 
567; 0; 0.06676; 170; 384.4; 
567; 0; 0.06676; 170; 384.6; 
567; 0; 0.06676; 170; 384.8; 
567; 0; 0.06676; 170; 385; 
567; 0; 0.06676; 170; 385.2; 
567; 0; 0.06676; 170; 385.4; 
567; 0; 0.073436; 170; 385.6; 
567; 0; 0.073436; 170; 385.8; 
567; 0; 0.060084; 170; 386; 
567; 0; 0.060084; 170; 386.2; 
567; 0; 0.060084; 170; 386.4; 
567; 0; 0.060084; 170; 386.6; 
567; 0; 0.060084; 170; 386.8; 
567; 0; 0.060084; 170; 387; 
567; 0; 0.060084; 170; 387.2; 
567; 0; 0.060084; 170; 387.4; 
567; 0; 0.073436; 170; 387.6; 
567; 0; 0.073436; 170; 387.8; 
567; 0; 0.060084; 170; 388; 
567; 0; 0.060084; 170; 388.2; 
567; 0; 0.073436; 170; 388.4; 
567; 0; 0.073436; 170; 388.6; 
567; 0; 0.060084; 170; 388.8; 
567; 0; 0.060084; 170; 389; 
567; 0; 0.060084; 170; 389.2; 
567; 0; 0.060084; 170; 389.4; 
567; 0; 0.060084; 170; 389.6; 
567; 0; 0.060084; 170; 389.8; 
567; 0; 0.073436; 170; 390; 
567; 0; 0.073436; 170; 390.2; 
567; 0; 0.060084; 170; 390.4; 
567; 0; 0.060084; 170; 390.6; 
567; 0; 0.060084; 170; 390.8; 
567; 0; 0.060084; 170; 391; 
567; 0; 0.060084; 170; 391.2; 
567; 0; 0.060084; 170; 391.4; 
567; 0; 0.073436; 170; 391.6; 
567; 0; 0.073436; 170; 391.8; 
567; 0; 0.060084; 170; 392; 
567; 0; 0.060084; 170; 392.2; 
567; 0; 0.073436; 170; 392.4; 
567; 0; 0.073436; 170; 392.6; 
567; 0; 0.060084; 170; 392.8; 
567; 0; 0.060084; 170; 393; 
567; 0; 0.073436; 170; 393.2; 
567; 0; 0.073436; 170; 393.4; 
567; 0; 0.060084; 170; 393.6; 
567; 0; 0.060084; 170; 393.8; 
567; 0; 0.073436; 170; 394; 
567; 0; 0.073436; 170; 394.2; 
567; 0; 0.060084; 170; 394.4; 
567; 0; 0.060084; 170; 394.6; 
567; 0; 0.060084; 170; 394.8; 
567; 0; 0.060084; 170; 395; 
567; 0; 0.060084; 170; 395.2; 
567; 0; 0.060084; 170; 395.4; 
567; 0; 0.073436; 170; 395.6; 
567; 0; 0.073436; 170; 395.8; 
567; 0; 0.073436; 170; 396; 
567; 0; 0.073436; 170; 396.2; 
567; 0; 0.073436; 170; 396.4; 
567; 0; 0.073436; 170; 396.6; 
567; 0; 0.060084; 170; 396.8; 
567; 0; 0.060084; 170; 397; 
567; 0; 0.073436; 170; 397.2; 
567; 0; 0.073436; 170; 397.4; 
567; 0; 0.073436; 170; 397.6; 
567; 0; 0.073436; 170; 397.8; 
567; 0; 0.073436; 170; 398; 
567; 0; 0.073436; 170; 398.2; 
567; 0; 0.073436; 170; 398.4; 
567; 0; 0.073436; 170; 398.6; 
567; 0; 0.073436; 170; 398.8; 
567; 0; 0.073436; 170; 399; 
567; 0; 0.060084; 170; 399.2; 
567; 0; 0.060084; 170; 399.4; 
567; 0; 0.073436; 170; 399.6; 
567; 0; 0.073436; 170; 399.8; 
567; 0; 0.060084; 170; 400; 
567; 0; 0.060084; 170; 400.2; 
567; 0; 0.060084; 170; 400.4; 
567; 0; 0.060084; 170; 400.6; 
567; 0; 0.073436; 170; 400.8; 
567; 0; 0.073436; 170; 401; 
567; 0; 0.060084; 170; 401.2; 
567; 0; 0.060084; 170; 401.4; 
567; 0; 0.060084; 170; 401.6; 
567; 0; 0.060084; 170; 401.8; 
567; 0; 0.073436; 170; 402; 
567; 0; 0.073436; 170; 402.2; 
567; 0; 0.073436; 170; 402.4; 
567; 0; 0.073436; 170; 402.6; 
567; 0; 0.060084; 170; 402.8; 
567; 0; 0.060084; 170; 403; 
567; 0; 0.073436; 170; 403.2; 
567; 0; 0.073436; 170; 403.4; 
567; 0; 0.060084; 170; 403.6; 
567; 0; 0.060084; 170; 403.8; 
567; 0; 0.073436; 170; 404; 
567; 0; 0.073436; 170; 404.2; 
567; 0; 0.073436; 170; 404.4; 
567; 0; 0.073436; 170; 404.6; 
567; 0; 0.060084; 170; 404.8; 
567; 0; 0.060084; 170; 405; 
567; 0; 0.073436; 170; 405.2; 
567; 0; 0.073436; 170; 405.4; 
567; 0; 0.06676; 170; 405.6; 
567; 0; 0.06676; 170; 405.8; 
567; 0; 0.06676; 170; 406; 
567; 0; 0.06676; 170; 406.2; 
567; 0; 0.06676; 170; 406.4; 
567; 0; 0.06676; 170; 406.6; 
567; 0; 0.06676; 170; 406.8; 
567; 0; 0.06676; 170; 407; 
567; 0; 0.06676; 170; 407.2; 
567; 0; 0.06676; 170; 407.4; 
567; 0; 0.06676; 170; 407.6; 
567; 0; 0.06676; 170; 407.8; 
567; 0; 0.06676; 170; 408; 
567; 0; 0.06676; 170; 408.2; 
567; 0; 0.06676; 170; 408.4; 
567; 0; 0.06676; 170; 408.6; 
567; 0; 0.06676; 170; 408.8; 
567; 0; 0.06676; 0; 409; 
