0; 0; 0; 0; 0; 
0; 0; 0; 0; 0.2; 
0; 0; 0; 0; 0.4; 
0; 0; 0; 0; 0.6; 
0; 0; 0; 0; 0.8; 
0; 0; 0; 0; 1; 
0; 0; 0; 0; 1.2; 
0; 0; 0; 0; 1.4; 
0; 0; 0; 0; 1.6; 
0; 0; 0; 0; 1.8; 
0; 0; 0; 0; 2; 
0; 0; 0; 0; 2.2; 
0; 0; 0; 0; 2.4; 
0; 0; 0; 0; 2.6; 
0; 0; 0; 0; 2.8; 
0; 0; 0; 0; 3; 
0; 0; 0; 0; 3.2; 
0; 0; 0; 0; 3.4; 
0; 0; 0; 0; 3.6; 
0; 0; 0; 0; 3.8; 
0; 0; 0; 0; 4; 
0; 0; 0; 0; 4.2; 
0; 0; 0; 0; 4.4; 
0; 0; 0; 0; 4.6; 
0; 0; 0; 0; 4.8; 
0; 0; 0; 0; 5; 
3.4667; 0.00416; 0; 0; 5.2; 
12.4004; 0.01488; 0; 0; 5.4; 
24.9933; 0.029992; 0; 0; 5.6; 
40.0355; 0.048043; 0; 0; 5.8; 
56.7171; 0.068061; 0; 0; 6; 
74.496; 0.089395; 0; 0; 6.2; 
93.0093; 0.11161; 0; 0; 6.4; 
112.0142; 0.13442; 0; 0; 6.6; 
131.3482; 0.15762; 0; 0; 6.8; 
150.9024; 0.18108; 0; 0; 7; 
170.604; 0.20472; 0; 0; 7.2; 
190.4043; 0.22849; 0; 0; 7.4; 
210.2706; 0.25232; 0; 0; 7.6; 
230.1811; 0.27622; 0; 0; 7.8; 
250.1212; 0.30015; 0; 0; 8; 
270.0811; 0.3241; 0; 0; 8.2; 
290.0543; 0.34807; 0; 0; 8.4; 
310.0364; 0.37204; 0; 0; 8.6; 
330.0243; 0.39603; 0; 0; 8.8; 
350.0163; 0.42002; 0; 0; 9; 
370.0109; 0.44401; 0; 0; 9.2; 
390.0073; 0.46801; 0; 0; 9.4; 
410.0049; 0.49201; 0; 0; 9.6; 
430.0033; 0.516; 0; 0; 9.8; 
450.0022; 0.54; 0; 0; 10; 
466.6215; 0.5595; 0; 0; 10.2; 
477.9106; 0.57188; 0; 0; 10.4; 
485.6322; 0.57951; 0; 0; 10.6; 
490.9658; 0.58395; 0; 0; 10.8; 
494.7011; 0.58627; 0; 0; 11; 
497.3666; 0.58716; 0; 0; 11.2; 
499.3161; 0.58709; 0; 0; 11.4; 
500.7862; 0.58638; 0; 0; 11.6; 
501.9356; 0.58525; 0; 0; 11.8; 
502.8702; 0.58383; 0; 0; 12; 
503.6611; 0.58221; 0; 0; 12.2; 
504.3558; 0.58047; 0; 0; 12.4; 
504.9862; 0.57865; 0; 0; 12.6; 
505.5734; 0.57676; 0; 0; 12.8; 
506.1318; 0.57484; 0; 0; 13; 
506.6709; 0.57289; 0; 0; 13.2; 
507.197; 0.57093; 0; 0; 13.4; 
507.7146; 0.56895; 0; 0; 13.6; 
508.2263; 0.56697; 0; 0; 13.8; 
508.7341; 0.56498; 0; 0; 14; 
509.2394; 0.56299; 0; 0; 14.2; 
509.7429; 0.56099; 0; 0; 14.4; 
510.2452; 0.55899; 0; 0; 14.6; 
510.7468; 0.557; 0; 0; 14.8; 
511.2479; 0.555; 0; 0; 15; 
511.7486; 0.553; 0; 0; 15.2; 
512.249; 0.551; 0; 0; 15.4; 
512.7494; 0.549; 0; 0; 15.6; 
513.2496; 0.547; 0; 0; 15.8; 
513.7497; 0.545; 0; 0; 16; 
514.2498; 0.543; 0; 0; 16.2; 
514.7499; 0.541; 0; 0; 16.4; 
515.2499; 0.539; 0; 0; 16.6; 
515.7499; 0.537; 0; 0; 16.8; 
516.25; 0.535; 0; 0; 17; 
516.75; 0.533; 0; 0; 17.2; 
517.25; 0.531; 0; 0; 17.4; 
517.75; 0.529; 0; 0; 17.6; 
518.25; 0.527; 0; 0; 17.8; 
518.75; 0.525; 0; 0; 18; 
519.25; 0.523; 0; 0; 18.2; 
519.75; 0.521; 0; 0; 18.4; 
520.25; 0.519; 0; 0; 18.6; 
520.75; 0.517; 0; 0; 18.8; 
521.25; 0.515; 0; 0; 19; 
521.75; 0.513; 0; 0; 19.2; 
522.25; 0.511; 0; 0; 19.4; 
522.75; 0.509; 0; 0; 19.6; 
523.25; 0.507; 0; 0; 19.8; 
523.75; 0.505; 0; 0; 20; 
524.25; 0.503; 0; 0; 20.2; 
524.75; 0.501; 0; 0; 20.4; 
525.25; 0.499; 0; 0; 20.6; 
525.75; 0.497; 0; 0; 20.8; 
526.25; 0.495; 0; 0; 21; 
526.75; 0.493; 0; 0; 21.2; 
527.25; 0.491; 0; 0; 21.4; 
527.75; 0.489; 0; 0; 21.6; 
528.25; 0.487; 0; 0; 21.8; 
528.75; 0.485; 0; 0; 22; 
529.25; 0.483; 0; 0; 22.2; 
529.75; 0.481; 0; 0; 22.4; 
530.25; 0.479; 0; 0; 22.6; 
530.75; 0.477; 0; 0; 22.8; 
531.25; 0.475; 0; 0; 23; 
531.75; 0.473; 0; 0; 23.2; 
532.25; 0.471; 0; 0; 23.4; 
532.75; 0.469; 0; 0; 23.6; 
533.25; 0.467; 0; 0; 23.8; 
533.75; 0.465; 0; 0; 24; 
534.25; 0.463; 0; 0; 24.2; 
534.75; 0.461; 0; 0; 24.4; 
535.25; 0.459; 0; 0; 24.6; 
535.75; 0.457; 0; 0; 24.8; 
536.25; 0.455; 0; 0; 25; 
536.75; 0.453; 0; 0; 25.2; 
537.25; 0.451; 0; 0; 25.4; 
537.75; 0.449; 0; 0; 25.6; 
538.25; 0.447; 0; 0; 25.8; 
538.75; 0.445; 0; 0; 26; 
539.25; 0.443; 0; 0; 26.2; 
539.75; 0.441; 0; 0; 26.4; 
540.25; 0.439; 0; 0; 26.6; 
540.75; 0.437; 0; 0; 26.8; 
541.25; 0.435; 0; 0; 27; 
541.75; 0.433; 0; 0; 27.2; 
542.25; 0.431; 0; 0; 27.4; 
542.75; 0.429; 0; 0; 27.6; 
543.25; 0.427; 0; 0; 27.8; 
543.75; 0.425; 0; 0; 28; 
544.25; 0.423; 0; 0; 28.2; 
544.75; 0.421; 0; 0; 28.4; 
545.25; 0.419; 0; 0; 28.6; 
545.75; 0.417; 0; 0; 28.8; 
546.25; 0.415; 0; 0; 29; 
546.75; 0.413; 0; 0; 29.2; 
547.25; 0.411; 0; 0; 29.4; 
547.75; 0.409; 0; 0; 29.6; 
548.25; 0.407; 0; 0; 29.8; 
548.75; 0.405; 0; 0; 30; 
549.1027; 0.40326; 0; 0; 30.2; 
549.223; 0.40193; 0; 0; 30.4; 
549.1878; 0.40087; 0; 0; 30.6; 
549.0485; 0.4; 0; 0; 30.8; 
548.8395; 0.39925; 0; 0; 31; 
548.5839; 0.39859; 0; 0; 31.2; 
548.2971; 0.39798; 0; 0; 31.4; 
547.9894; 0.3974; 0; 0; 31.6; 
547.6677; 0.39685; 0; 0; 31.8; 
547.3366; 0.39632; 0; 0; 32; 
546.9993; 0.3958; 0; 0; 32.2; 
546.6578; 0.39528; 0; 0; 32.4; 
546.3135; 0.39477; 0; 0; 32.6; 
545.9673; 0.39426; 0; 0; 32.8; 
545.6198; 0.39376; 0; 0; 33; 
545.2716; 0.39326; 0; 0; 33.2; 
544.9227; 0.39275; 0; 0; 33.4; 
544.5735; 0.39225; 0; 0; 33.6; 
544.224; 0.39175; 0; 0; 33.8; 
543.8743; 0.39125; 0; 0; 34; 
543.5245; 0.39075; 0; 0; 34.2; 
543.1747; 0.39025; 0; 0; 34.4; 
542.8248; 0.38975; 0; 0; 34.6; 
542.4749; 0.38925; 0; 0; 34.8; 
542.1249; 0.38875; 0; 0; 35; 
541.7749; 0.38825; 0; 0; 35.2; 
541.425; 0.38775; 0; 0; 35.4; 
541.075; 0.38725; 0; 0; 35.6; 
540.725; 0.38675; 0; 0; 35.8; 
540.375; 0.38625; 0; 0; 36; 
540.025; 0.38575; 0; 0; 36.2; 
539.675; 0.38525; 0; 0; 36.4; 
539.325; 0.38475; 0; 0; 36.6; 
538.975; 0.38425; 0; 0; 36.8; 
538.625; 0.38375; 0; 0; 37; 
538.275; 0.38325; 0; 0; 37.2; 
537.925; 0.38275; 0; 0; 37.4; 
537.575; 0.38225; 0; 0; 37.6; 
537.225; 0.38175; 0; 0; 37.8; 
536.875; 0.38125; 0; 0; 38; 
536.525; 0.38075; 0; 0; 38.2; 
536.175; 0.38025; 0; 0; 38.4; 
535.825; 0.37975; 0; 0; 38.6; 
535.475; 0.37925; 0; 0; 38.8; 
535.125; 0.37875; 0; 0; 39; 
534.775; 0.37825; 0; 0; 39.2; 
534.425; 0.37775; 0; 0; 39.4; 
534.075; 0.37725; 0; 0; 39.6; 
533.725; 0.37675; 0; 0; 39.8; 
533.375; 0.37625; 0; 0; 40; 
533.025; 0.37575; 0; 0; 40.2; 
532.675; 0.37525; 0; 0; 40.4; 
532.325; 0.37475; 0; 0; 40.6; 
531.975; 0.37425; 0; 0; 40.8; 
531.625; 0.37375; 0; 0; 41; 
531.275; 0.37325; 0; 0; 41.2; 
530.925; 0.37275; 0; 0; 41.4; 
530.575; 0.37225; 0; 0; 41.6; 
530.225; 0.37175; 0; 0; 41.8; 
529.875; 0.37125; 0; 0; 42; 
529.525; 0.37075; 0; 0; 42.2; 
529.175; 0.37025; 0; 0; 42.4; 
528.825; 0.36975; 0; 0; 42.6; 
528.475; 0.36925; 0; 0; 42.8; 
528.125; 0.36875; 0; 0; 43; 
527.775; 0.36825; 0; 0; 43.2; 
527.425; 0.36775; 0; 0; 43.4; 
527.075; 0.36725; 0; 0; 43.6; 
526.725; 0.36675; 0; 0; 43.8; 
526.375; 0.36625; 0; 0; 44; 
526.025; 0.36575; 0; 0; 44.2; 
525.675; 0.36525; 0; 0; 44.4; 
525.325; 0.36475; 0; 0; 44.6; 
524.975; 0.36425; 0; 0; 44.8; 
524.625; 0.36375; 0; 0; 45; 
524.275; 0.36325; 0; 0; 45.2; 
523.925; 0.36275; 0; 0; 45.4; 
523.575; 0.36225; 0; 0; 45.6; 
523.225; 0.36175; 0; 0; 45.8; 
522.875; 0.36125; 0; 0; 46; 
522.525; 0.36075; 0; 0; 46.2; 
522.175; 0.36025; 0; 0; 46.4; 
521.825; 0.35975; 0; 0; 46.6; 
521.475; 0.35925; 0; 0; 46.8; 
521.125; 0.35875; 0; 0; 47; 
520.775; 0.35825; 0; 0; 47.2; 
520.425; 0.35775; 0; 0; 47.4; 
520.075; 0.35725; 0; 0; 47.6; 
519.725; 0.35675; 0; 0; 47.8; 
519.375; 0.35625; 0; 0; 48; 
519.025; 0.35575; 0; 0; 48.2; 
518.675; 0.35525; 0; 0; 48.4; 
518.325; 0.35475; 0; 0; 48.6; 
517.975; 0.35425; 0; 0; 48.8; 
517.625; 0.35375; 0; 0; 49; 
517.275; 0.35325; 0; 0; 49.2; 
516.925; 0.35275; 0; 0; 49.4; 
516.575; 0.35225; 0; 0; 49.6; 
516.225; 0.35175; 0; 0; 49.8; 
515.875; 0.35125; 0; 0; 50; 
515.525; 0.35075; 0; 0; 50.2; 
515.175; 0.35025; 0; 0; 50.4; 
514.825; 0.34975; 0; 0; 50.6; 
514.475; 0.34925; 0; 0; 50.8; 
514.125; 0.34875; 0; 0; 51; 
513.775; 0.34825; 0; 0; 51.2; 
513.425; 0.34775; 0; 0; 51.4; 
513.075; 0.34725; 0; 0; 51.6; 
512.725; 0.34675; 0; 0; 51.8; 
512.375; 0.34625; 0; 0; 52; 
512.025; 0.34575; 0; 0; 52.2; 
511.675; 0.34525; 0; 0; 52.4; 
511.325; 0.34475; 0; 0; 52.6; 
510.975; 0.34425; 0; 0; 52.8; 
510.625; 0.34375; 0; 0; 53; 
510.275; 0.34325; 0; 0; 53.2; 
509.925; 0.34275; 0; 0; 53.4; 
509.575; 0.34225; 0; 0; 53.6; 
509.225; 0.34175; 0; 0; 53.8; 
508.875; 0.34125; 0; 0; 54; 
508.525; 0.34075; 0; 0; 54.2; 
508.175; 0.34025; 0; 0; 54.4; 
507.825; 0.33975; 0; 0; 54.6; 
507.475; 0.33925; 0; 0; 54.8; 
507.125; 0.33875; 0; 0; 55; 
506.775; 0.33825; 0; 0; 55.2; 
506.425; 0.33775; 0; 0; 55.4; 
506.075; 0.33725; 0; 0; 55.6; 
505.725; 0.33675; 0; 0; 55.8; 
505.375; 0.33625; 0; 0; 56; 
505.025; 0.33575; 0; 0; 56.2; 
504.675; 0.33525; 0; 0; 56.4; 
504.325; 0.33475; 0; 0; 56.6; 
503.975; 0.33425; 0; 0; 56.8; 
503.625; 0.33375; 0; 0; 57; 
503.275; 0.33325; 0; 0; 57.2; 
502.925; 0.33275; 0; 0; 57.4; 
502.575; 0.33225; 0; 0; 57.6; 
502.225; 0.33175; 0; 0; 57.8; 
501.875; 0.33125; 0; 0; 58; 
501.525; 0.33075; 0; 0; 58.2; 
501.175; 0.33025; 0; 0; 58.4; 
500.825; 0.32975; 0; 0; 58.6; 
500.475; 0.32925; 0; 0; 58.8; 
500.125; 0.32875; 0; 0; 59; 
499.775; 0.32825; 0; 0; 59.2; 
499.425; 0.32775; 0; 0; 59.4; 
499.075; 0.32725; 0; 0; 59.6; 
498.725; 0.32675; 0; 0; 59.8; 
498.375; 0.32625; 0; 0; 60; 
498.025; 0.32575; 0; 0; 60.2; 
497.675; 0.32525; 0; 0; 60.4; 
497.325; 0.32475; 0; 0; 60.6; 
496.975; 0.32425; 0; 0; 60.8; 
496.625; 0.32375; 0; 0; 61; 
496.275; 0.32325; 0; 0; 61.2; 
495.925; 0.32275; 0; 0; 61.4; 
495.575; 0.32225; 0; 0; 61.6; 
495.225; 0.32175; 0; 0; 61.8; 
494.875; 0.32125; 0; 0; 62; 
494.525; 0.32075; 0; 0; 62.2; 
494.175; 0.32025; 0; 0; 62.4; 
493.825; 0.31975; 0; 0; 62.6; 
493.475; 0.31925; 0; 0; 62.8; 
493.125; 0.31875; 0; 0; 63; 
492.775; 0.31825; 0; 0; 63.2; 
492.425; 0.31775; 0; 0; 63.4; 
492.075; 0.31725; 0; 0; 63.6; 
491.725; 0.31675; 0; 0; 63.8; 
491.375; 0.31625; 0; 0; 64; 
491.025; 0.31575; 0; 0; 64.2; 
490.675; 0.31525; 0; 0; 64.4; 
490.325; 0.31475; 0; 0; 64.6; 
489.975; 0.31425; 0; 0; 64.8; 
489.625; 0.31375; 0; 0; 65; 
489.275; 0.31325; 0; 0; 65.2; 
488.925; 0.31275; 0; 0; 65.4; 
488.575; 0.31225; 0; 0; 65.6; 
488.225; 0.31175; 0; 0; 65.8; 
487.875; 0.31125; 0; 0; 66; 
487.525; 0.31075; 0; 0; 66.2; 
487.175; 0.31025; 0; 0; 66.4; 
486.825; 0.30975; 0; 0; 66.6; 
486.475; 0.30925; 0; 0; 66.8; 
486.125; 0.30875; 0; 0; 67; 
485.775; 0.30825; 0; 0; 67.2; 
485.425; 0.30775; 0; 0; 67.4; 
485.075; 0.30725; 0; 0; 67.6; 
484.725; 0.30675; 0; 0; 67.8; 
484.375; 0.30625; 0; 0; 68; 
484.025; 0.30575; 0; 0; 68.2; 
483.675; 0.30525; 0; 0; 68.4; 
483.325; 0.30475; 0; 0; 68.6; 
482.975; 0.30425; 0; 0; 68.8; 
482.625; 0.30375; 0; 0; 69; 
482.275; 0.30325; 0; 0; 69.2; 
481.925; 0.30275; 0; 0; 69.4; 
481.575; 0.30225; 0; 0; 69.6; 
481.225; 0.30175; 0; 0; 69.8; 
480.875; 0.30125; 0; 0; 70; 
480.4932; 0.30084; 0; 0; 70.2; 
480.0613; 0.30056; 0; 0; 70.4; 
479.5959; 0.30037; 0; 0; 70.6; 
479.108; 0.30025; 0; 0; 70.8; 
478.6051; 0.30017; 0; 0; 71; 
478.0921; 0.30011; 0; 0; 71.2; 
477.5724; 0.30008; 0; 0; 71.4; 
477.0482; 0.30005; 0; 0; 71.6; 
476.521; 0.30003; 0; 0; 71.8; 
475.9917; 0.30002; 0; 0; 72; 
475.4611; 0.30002; 0; 0; 72.2; 
474.9296; 0.30001; 0; 0; 72.4; 
474.3975; 0.30001; 0; 0; 72.6; 
473.865; 0.3; 0; 0; 72.8; 
473.3322; 0.3; 0; 0; 73; 
472.7993; 0.3; 0; 0; 73.2; 
472.2662; 0.3; 0; 0; 73.4; 
471.733; 0.3; 0; 0; 73.6; 
471.1998; 0.3; 0; 0; 73.8; 
470.6665; 0.3; 0; 0; 74; 
470.1332; 0.3; 0; 0; 74.2; 
469.5999; 0.3; 0; 0; 74.4; 
469.0666; 0.3; 0; 0; 74.6; 
468.5333; 0.3; 0; 0; 74.8; 
468; 0.3; 0; 0; 75; 
467.4667; 0.3; 0; 0; 75.2; 
466.9333; 0.3; 0; 0; 75.4; 
466.4; 0.3; 0; 0; 75.6; 
465.8667; 0.3; 0; 0; 75.8; 
465.3333; 0.3; 0; 0; 76; 
464.8; 0.3; 0; 0; 76.2; 
464.2667; 0.3; 0; 0; 76.4; 
463.7333; 0.3; 0; 0; 76.6; 
463.2; 0.3; 0; 0; 76.8; 
462.6667; 0.3; 0; 0; 77; 
462.1333; 0.3; 0; 0; 77.2; 
461.6; 0.3; 0; 0; 77.4; 
461.0667; 0.3; 0; 0; 77.6; 
460.5333; 0.3; 0; 0; 77.8; 
460; 0.3; 0; 0; 78; 
459.4667; 0.3; 0; 0; 78.2; 
458.9333; 0.3; 0; 0; 78.4; 
458.4; 0.3; 0; 0; 78.6; 
457.8667; 0.3; 0; 0; 78.8; 
457.3333; 0.3; 0; 0; 79; 
456.8; 0.3; 0; 0; 79.2; 
456.2667; 0.3; 0; 0; 79.4; 
455.7333; 0.3; 0; 0; 79.6; 
455.2; 0.3; 0; 0; 79.8; 
454.6667; 0.3; 0; 0; 80; 
454.1333; 0.3; 0; 0; 80.2; 
453.6; 0.3; 0; 0; 80.4; 
453.0667; 0.3; 0; 0; 80.6; 
452.5333; 0.3; 0; 0; 80.8; 
452; 0.3; 0; 0; 81; 
451.4667; 0.3; 0; 0; 81.2; 
450.9333; 0.3; 0; 0; 81.4; 
450.4; 0.3; 0; 0; 81.6; 
449.8667; 0.3; 0; 0; 81.8; 
449.3333; 0.3; 0; 0; 82; 
448.8; 0.3; 0; 0; 82.2; 
448.2667; 0.3; 0; 0; 82.4; 
447.7333; 0.3; 0; 0; 82.6; 
447.2; 0.3; 0; 0; 82.8; 
446.6667; 0.3; 0; 0; 83; 
446.1333; 0.3; 0; 0; 83.2; 
445.6; 0.3; 0; 0; 83.4; 
445.0667; 0.3; 0; 0; 83.6; 
444.5333; 0.3; 0; 0; 83.8; 
444; 0.3; 0; 0; 84; 
443.4667; 0.3; 0; 0; 84.2; 
442.9333; 0.3; 0; 0; 84.4; 
442.4; 0.3; 0; 0; 84.6; 
441.8667; 0.3; 0; 0; 84.8; 
441.3333; 0.3; 0; 0; 85; 
440.8; 0.3; 0; 0; 85.2; 
440.2667; 0.3; 0; 0; 85.4; 
439.7333; 0.3; 0; 0; 85.6; 
439.2; 0.3; 0; 0; 85.8; 
438.6667; 0.3; 0; 0; 86; 
438.1333; 0.3; 0; 0; 86.2; 
437.6; 0.3; 0; 0; 86.4; 
437.0667; 0.3; 0; 0; 86.6; 
436.5333; 0.3; 0; 0; 86.8; 
436; 0.3; 0; 0; 87; 
435.4667; 0.3; 0; 0; 87.2; 
434.9333; 0.3; 0; 0; 87.4; 
434.4; 0.3; 0; 0; 87.6; 
433.8667; 0.3; 0; 0; 87.8; 
433.3333; 0.3; 0; 0; 88; 
432.8; 0.3; 0; 0; 88.2; 
432.2667; 0.3; 0; 0; 88.4; 
431.7333; 0.3; 0; 0; 88.6; 
431.2; 0.3; 0; 0; 88.8; 
430.6667; 0.3; 0; 0; 89; 
430.1333; 0.3; 0; 0; 89.2; 
429.6; 0.3; 0; 0; 89.4; 
429.0667; 0.3; 0; 0; 89.6; 
428.5333; 0.3; 0; 0; 89.8; 
428; 0.3; 0; 0; 90; 
427.4667; 0.3; 0; 0; 90.2; 
426.9333; 0.3; 0; 0; 90.4; 
426.4; 0.3; 0; 0; 90.6; 
425.8667; 0.3; 0; 0; 90.8; 
425.3333; 0.3; 0; 0; 91; 
424.8; 0.3; 0; 0; 91.2; 
424.2667; 0.3; 0; 0; 91.4; 
423.7333; 0.3; 0; 0; 91.6; 
423.2; 0.3; 0; 0; 91.8; 
422.6667; 0.3; 0; 0; 92; 
422.1333; 0.3; 0; 0; 92.2; 
421.6; 0.3; 0; 0; 92.4; 
421.0667; 0.3; 0; 0; 92.6; 
420.5333; 0.3; 0; 0; 92.8; 
420; 0.3; 0; 0; 93; 
419.4667; 0.3; 0; 0; 93.2; 
418.9333; 0.3; 0; 0; 93.4; 
418.4; 0.3; 0; 0; 93.6; 
417.8667; 0.3; 0; 0; 93.8; 
417.3333; 0.3; 0; 0; 94; 
416.8; 0.3; 0; 0; 94.2; 
416.2667; 0.3; 0; 0; 94.4; 
415.7333; 0.3; 0; 0; 94.6; 
415.2; 0.3; 0; 0; 94.8; 
414.6667; 0.3; 0; 0; 95; 
414.1333; 0.3; 0; 0; 95.2; 
413.6; 0.3; 0; 0; 95.4; 
413.0667; 0.3; 0; 0; 95.6; 
412.5333; 0.3; 0; 0; 95.8; 
412; 0.3; 0; 0; 96; 
411.4667; 0.3; 0; 0; 96.2; 
410.9333; 0.3; 0; 0; 96.4; 
410.4; 0.3; 0; 0; 96.6; 
409.8667; 0.3; 0; 0; 96.8; 
409.3333; 0.3; 0; 0; 97; 
408.8; 0.3; 0; 0; 97.2; 
408.2667; 0.3; 0; 0; 97.4; 
407.7333; 0.3; 0; 0; 97.6; 
407.2; 0.3; 0; 0; 97.8; 
406.6667; 0.3; 0; 0; 98; 
406.1333; 0.3; 0; 0; 98.2; 
405.6; 0.3; 0; 0; 98.4; 
405.0667; 0.3; 0; 0; 98.6; 
404.5333; 0.3; 0; 0; 98.8; 
404; 0.3; 0; 0; 99; 
403.4667; 0.3; 0; 0; 99.2; 
402.9333; 0.3; 0; 0; 99.4; 
402.4; 0.3; 0; 0; 99.6; 
401.8667; 0.3; 0; 0; 99.8; 
401.3333; 0.3; 0; 0; 100; 
