0; 0; 0; 170; 0; 
0; 0; 0; 170; 0.2; 
0; 0; 0; 170; 0.4; 
0; 0; 0; 170; 0.6; 
0; 0; 0; 170; 0.8; 
0; 0; 3500; 170; 1; 
6.9333; 0.029333; 3500; 170; 1.2; 
24.5049; 0.093938; 3500; 170; 1.4; 
48.6286; 0.16728; 3500; 170; 1.6; 
76.3503; 0.23652; 3500; 170; 1.8; 
105.572; 0.29635; 3500; 170; 2; 
134.8382; 0.34542; 3500; 170; 2.2; 
163.1718; 0.3843; 3500; 170; 2.4; 
189.9488; 0.41438; 3500; 170; 2.6; 
214.8019; 0.43721; 3500; 170; 2.8; 
237.5485; 0.45431; 3500; 170; 3; 
258.1354; 0.46696; 3500; 170; 3.2; 
276.5977; 0.47624; 3500; 170; 3.4; 
293.0292; 0.483; 3500; 170; 3.6; 
307.5591; 0.48788; 3500; 170; 3.8; 
320.337; 0.4914; 3500; 170; 4; 
331.5203; 0.49205; 3500; 170; 4.2; 
341.2673; 0.4887; 3500; 170; 4.4; 
349.7311; 0.48221; 3500; 170; 4.6; 
357.0567; 0.47327; 3500; 170; 4.8; 
363.3784; 0.46245; 3500; 170; 5; 
368.8195; 0.45021; 3500; 170; 5.2; 
373.4914; 0.43697; 3500; 170; 5.4; 
377.4943; 0.42303; 3500; 170; 5.6; 
380.9171; 0.40866; 3500; 170; 5.8; 
383.8386; 0.39407; 3500; 170; 6; 
386.3281; 0.37946; 3500; 170; 6.2; 
388.4461; 0.36495; 3500; 170; 6.4; 
390.2456; 0.35066; 3500; 170; 6.6; 
391.7723; 0.33669; 3500; 170; 6.8; 
393.0661; 0.3231; 3500; 170; 7; 
394.1612; 0.30995; 3500; 170; 7.2; 
395.0872; 0.29729; 3500; 170; 7.4; 
395.8693; 0.28513; 3500; 170; 7.6; 
396.5293; 0.2735; 3500; 170; 7.8; 
397.0858; 0.2624; 3500; 170; 8; 
397.5546; 0.25185; 3500; 170; 8.2; 
397.9492; 0.24183; 3500; 170; 8.4; 
398.2811; 0.23234; 3500; 170; 8.6; 
398.5601; 0.22338; 3500; 170; 8.8; 
398.7944; 0.21492; 3500; 170; 9; 
398.9911; 0.20695; 3500; 170; 9.2; 
399.156; 0.19946; 3500; 170; 9.4; 
399.2944; 0.19243; 3500; 170; 9.6; 
399.4103; 0.18584; 3500; 170; 9.8; 
399.5074; 0.17966; 3500; 170; 10; 
399.4329; 0.17388; 3500; 170; 10.2; 
399.0499; 0.16848; 3500; 170; 10.4; 
398.3838; 0.16344; 3500; 170; 10.6; 
397.4586; 0.15874; 3500; 170; 10.8; 
396.2964; 0.15435; 3500; 170; 11; 
394.9179; 0.15027; 3500; 170; 11.2; 
393.3425; 0.14648; 3500; 170; 11.4; 
391.5884; 0.14295; 3500; 170; 11.6; 
389.6723; 0.13967; 3500; 170; 11.8; 
387.6101; 0.13663; 3500; 170; 12; 
385.4164; 0.13381; 3500; 170; 12.2; 
383.1049; 0.13119; 3500; 170; 12.4; 
380.6886; 0.12876; 3500; 170; 12.6; 
378.1794; 0.12652; 3500; 170; 12.8; 
375.5883; 0.12444; 3500; 170; 13; 
372.9259; 0.12251; 3500; 170; 13.2; 
370.2018; 0.12074; 3500; 170; 13.4; 
367.4249; 0.11909; 3500; 170; 13.6; 
364.6038; 0.11757; 3500; 170; 13.8; 
361.7463; 0.11617; 3500; 170; 14; 
358.8594; 0.11487; 3500; 170; 14.2; 
355.9501; 0.11368; 3500; 170; 14.4; 
353.0245; 0.11258; 3500; 170; 14.6; 
350.0884; 0.11156; 3500; 170; 14.8; 
347.1472; 0.11062; 3500; 170; 15; 
344.2058; 0.10976; 3500; 170; 15.2; 
341.2687; 0.10897; 3500; 170; 15.4; 
338.3402; 0.10823; 3500; 170; 15.6; 
335.4241; 0.10756; 3500; 170; 15.8; 
332.5239; 0.10694; 3500; 170; 16; 
329.6429; 0.10637; 3500; 170; 16.2; 
326.784; 0.10584; 3500; 170; 16.4; 
323.95; 0.10536; 3500; 170; 16.6; 
321.1433; 0.10492; 3500; 170; 16.8; 
318.3661; 0.10451; 3500; 170; 17; 
315.6204; 0.10413; 3500; 170; 17.2; 
312.9081; 0.10379; 3500; 170; 17.4; 
310.2306; 0.10347; 3500; 170; 17.6; 
307.5896; 0.10318; 3500; 170; 17.8; 
304.9861; 0.10292; 3500; 170; 18; 
302.4215; 0.10267; 3500; 170; 18.2; 
299.8965; 0.10245; 3500; 170; 18.4; 
297.412; 0.10224; 3500; 170; 18.6; 
294.9688; 0.10205; 3500; 170; 18.8; 
292.5675; 0.10188; 3500; 170; 19; 
290.2084; 0.10172; 3500; 170; 19.2; 
287.892; 0.10158; 3500; 170; 19.4; 
285.6186; 0.10144; 3500; 170; 19.6; 
283.3883; 0.10132; 3500; 170; 19.8; 
281.2013; 0.10121; 3500; 170; 20; 
279.0576; 0.1011; 3500; 170; 20.2; 
276.9571; 0.10101; 3500; 170; 20.4; 
274.8998; 0.10092; 3500; 170; 20.6; 
272.8856; 0.10085; 3500; 170; 20.8; 
270.9141; 0.10077; 3500; 170; 21; 
268.9852; 0.10071; 3500; 170; 21.2; 
267.0985; 0.10065; 3500; 170; 21.4; 
265.2537; 0.10059; 3500; 170; 21.6; 
263.4505; 0.10054; 3500; 170; 21.8; 
261.6883; 0.10049; 3500; 170; 22; 
259.9667; 0.10045; 3500; 170; 22.2; 
258.2853; 0.10041; 3500; 170; 22.4; 
256.6436; 0.10038; 3500; 170; 22.6; 
255.041; 0.10034; 3500; 170; 22.8; 
253.477; 0.10031; 3500; 170; 23; 
251.951; 0.10029; 3500; 170; 23.2; 
250.4625; 0.10026; 3500; 170; 23.4; 
249.0108; 0.10024; 3500; 170; 23.6; 
247.5954; 0.10022; 3500; 170; 23.8; 
246.2157; 0.1002; 3500; 170; 24; 
244.8709; 0.10018; 3500; 170; 24.2; 
243.5606; 0.10017; 3500; 170; 24.4; 
242.284; 0.10015; 3500; 170; 24.6; 
241.0406; 0.10014; 3500; 170; 24.8; 
239.8297; 0.10013; 3500; 170; 25; 
238.6506; 0.10012; 3500; 170; 25.2; 
237.5027; 0.10011; 3500; 170; 25.4; 
236.3855; 0.1001; 3500; 170; 25.6; 
235.2982; 0.10009; 3500; 170; 25.8; 
234.2402; 0.10008; 3500; 170; 26; 
233.211; 0.10007; 3500; 170; 26.2; 
232.2098; 0.10007; 3500; 170; 26.4; 
231.236; 0.10006; 3500; 170; 26.6; 
230.2891; 0.10006; 3500; 170; 26.8; 
229.3685; 0.10005; 3500; 170; 27; 
228.4734; 0.10005; 3500; 170; 27.2; 
227.6034; 0.10004; 3500; 170; 27.4; 
226.7579; 0.10004; 3500; 170; 27.6; 
225.9362; 0.10004; 3500; 170; 27.8; 
225.1378; 0.10003; 3500; 170; 28; 
224.3621; 0.10003; 3500; 170; 28.2; 
223.6087; 0.10003; 3500; 170; 28.4; 
222.8768; 0.10002; 3500; 170; 28.6; 
222.1661; 0.10002; 3500; 170; 28.8; 
221.4759; 0.10002; 3500; 170; 29; 
220.8058; 0.10002; 3500; 170; 29.2; 
220.1552; 0.10002; 3500; 170; 29.4; 
219.5236; 0.10002; 3500; 170; 29.6; 
218.9106; 0.10001; 3500; 170; 29.8; 
218.3156; 0.10001; 3500; 170; 30; 
217.7382; 0.10001; 3500; 170; 30.2; 
217.1779; 0.10001; 3500; 170; 30.4; 
216.6343; 0.10001; 3500; 170; 30.6; 
216.107; 0.10001; 3500; 170; 30.8; 
215.5954; 0.10001; 3500; 170; 31; 
215.0991; 0.10001; 3500; 170; 31.2; 
214.6178; 0.10001; 3500; 170; 31.4; 
214.151; 0.10001; 3500; 170; 31.6; 
213.6984; 0.10001; 3500; 170; 31.8; 
213.2595; 0.1; 3500; 170; 32; 
212.8339; 0.1; 3500; 170; 32.2; 
212.4214; 0.1; 3500; 170; 32.4; 
212.0214; 0.1; 3500; 170; 32.6; 
211.6338; 0.1; 3500; 170; 32.8; 
211.258; 0.1; 3500; 170; 33; 
210.8938; 0.1; 3500; 170; 33.2; 
210.5409; 0.1; 3500; 170; 33.4; 
210.1989; 0.1; 3500; 170; 33.6; 
209.8675; 0.1; 3500; 170; 33.8; 
209.5465; 0.1; 3500; 170; 34; 
209.2354; 0.1; 3500; 170; 34.2; 
208.9341; 0.1; 3500; 170; 34.4; 
208.6421; 0.1; 3500; 170; 34.6; 
208.3594; 0.1; 3500; 170; 34.8; 
208.0855; 0.1; 3500; 170; 35; 
207.8203; 0.1; 3500; 170; 35.2; 
207.5634; 0.1; 3500; 170; 35.4; 
207.3146; 0.1; 3500; 170; 35.6; 
207.0737; 0.1; 3500; 170; 35.8; 
206.8405; 0.1; 3500; 170; 36; 
206.6147; 0.1; 3500; 170; 36.2; 
206.3961; 0.1; 3500; 170; 36.4; 
206.1844; 0.1; 3500; 170; 36.6; 
205.9795; 0.1; 3500; 170; 36.8; 
205.7812; 0.1; 3500; 170; 37; 
205.5892; 0.1; 3500; 170; 37.2; 
205.4034; 0.1; 3500; 170; 37.4; 
205.2236; 0.1; 3500; 170; 37.6; 
205.0496; 0.1; 3500; 170; 37.8; 
204.8812; 0.1; 3500; 170; 38; 
204.7182; 0.1; 3500; 170; 38.2; 
204.5605; 0.1; 3500; 170; 38.4; 
204.4079; 0.1; 3500; 170; 38.6; 
204.2603; 0.1; 3500; 170; 38.8; 
204.1174; 0.1; 3500; 170; 39; 
203.9793; 0.1; 3500; 170; 39.2; 
203.8456; 0.1; 3500; 170; 39.4; 
203.7163; 0.1; 3500; 170; 39.6; 
203.5912; 0.1; 3500; 170; 39.8; 
203.4702; 0.1; 3500; 170; 40; 
203.3532; 0.1; 3500; 170; 40.2; 
203.24; 0.1; 3500; 170; 40.4; 
203.1306; 0.1; 3500; 170; 40.6; 
203.0247; 0.1; 3500; 170; 40.8; 
202.9224; 0.1; 3500; 170; 41; 
202.8234; 0.1; 3500; 170; 41.2; 
202.7277; 0.1; 3500; 170; 41.4; 
202.6351; 0.1; 3500; 170; 41.6; 
202.5456; 0.1; 3500; 170; 41.8; 
202.4591; 0.1; 3500; 170; 42; 
202.3754; 0.1; 3500; 170; 42.2; 
202.2946; 0.1; 3500; 170; 42.4; 
202.2164; 0.1; 3500; 170; 42.6; 
202.1408; 0.1; 3500; 170; 42.8; 
202.0677; 0.1; 3500; 170; 43; 
201.9971; 0.1; 3500; 170; 43.2; 
201.9289; 0.1; 3500; 170; 43.4; 
201.8629; 0.1; 3500; 170; 43.6; 
201.7991; 0.1; 3500; 170; 43.8; 
201.7375; 0.1; 3500; 170; 44; 
201.6779; 0.1; 3500; 170; 44.2; 
201.6203; 0.1; 3500; 170; 44.4; 
201.5647; 0.1; 3500; 170; 44.6; 
201.5109; 0.1; 3500; 170; 44.8; 
201.459; 0.1; 3500; 170; 45; 
201.4088; 0.1; 3500; 170; 45.2; 
201.3603; 0.1; 3500; 170; 45.4; 
201.3134; 0.1; 3500; 170; 45.6; 
201.2681; 0.1; 3500; 170; 45.8; 
201.2244; 0.1; 3500; 170; 46; 
201.1821; 0.1; 3500; 170; 46.2; 
201.1413; 0.1; 3500; 170; 46.4; 
201.1018; 0.1; 3500; 170; 46.6; 
201.0637; 0.1; 3500; 170; 46.8; 
201.0269; 0.1; 3500; 170; 47; 
200.9913; 0.1; 3500; 170; 47.2; 
200.957; 0.1; 3500; 170; 47.4; 
200.9238; 0.1; 3500; 170; 47.6; 
200.8917; 0.1; 3500; 170; 47.8; 
200.8608; 0.1; 3500; 170; 48; 
200.8309; 0.1; 3500; 170; 48.2; 
200.802; 0.1; 3500; 170; 48.4; 
200.7741; 0.1; 3500; 170; 48.6; 
200.7471; 0.1; 3500; 170; 48.8; 
200.7211; 0.1; 3500; 170; 49; 
200.696; 0.1; 3500; 170; 49.2; 
200.6717; 0.1; 3500; 170; 49.4; 
200.6483; 0.1; 3500; 170; 49.6; 
200.6257; 0.1; 3500; 170; 49.8; 
200.6038; 0.1; 3500; 170; 50; 
200.5827; 0.1; 3500; 170; 50.2; 
200.5624; 0.1; 3500; 170; 50.4; 
200.5427; 0.1; 3500; 170; 50.6; 
200.5237; 0.1; 3500; 170; 50.8; 
200.5054; 0.1; 3500; 170; 51; 
200.4877; 0.1; 3500; 170; 51.2; 
200.4706; 0.1; 3500; 170; 51.4; 
200.4541; 0.1; 3500; 170; 51.6; 
200.4381; 0.1; 3500; 170; 51.8; 
200.4227; 0.1; 3500; 170; 52; 
200.4079; 0.1; 3500; 170; 52.2; 
200.3936; 0.1; 3500; 170; 52.4; 
200.3797; 0.1; 3500; 170; 52.6; 
200.3664; 0.1; 3500; 170; 52.8; 
200.3535; 0.1; 3500; 170; 53; 
200.341; 0.1; 3500; 170; 53.2; 
200.329; 0.1; 3500; 170; 53.4; 
200.3174; 0.1; 3500; 170; 53.6; 
200.3062; 0.1; 3500; 170; 53.8; 
200.2954; 0.1; 3500; 170; 54; 
200.285; 0.1; 3500; 170; 54.2; 
200.2749; 0.1; 3500; 170; 54.4; 
200.2652; 0.1; 3500; 170; 54.6; 
200.2559; 0.1; 3500; 170; 54.8; 
200.2468; 0.1; 3500; 170; 55; 
200.2381; 0.1; 3500; 170; 55.2; 
200.2297; 0.1; 3500; 170; 55.4; 
200.2215; 0.1; 3500; 170; 55.6; 
200.2137; 0.1; 3500; 170; 55.8; 
200.2061; 0.1; 3500; 170; 56; 
200.1988; 0.1; 3500; 170; 56.2; 
200.1918; 0.1; 3500; 170; 56.4; 
200.185; 0.1; 3500; 170; 56.6; 
200.1784; 0.1; 3500; 170; 56.8; 
200.1721; 0.1; 3500; 170; 57; 
200.166; 0.1; 3500; 170; 57.2; 
200.1601; 0.1; 3500; 170; 57.4; 
200.1544; 0.1; 3500; 170; 57.6; 
200.1489; 0.1; 3500; 170; 57.8; 
200.1436; 0.1; 3500; 170; 58; 
200.1385; 0.1; 3500; 170; 58.2; 
200.1335; 0.1; 3500; 170; 58.4; 
200.1288; 0.1; 3500; 170; 58.6; 
200.1242; 0.1; 3500; 170; 58.8; 
200.1198; 0.1; 3500; 170; 59; 
200.1155; 0.1; 3500; 170; 59.2; 
200.1114; 0.1; 3500; 170; 59.4; 
200.1074; 0.1; 3500; 170; 59.6; 
200.1036; 0.1; 3500; 170; 59.8; 
200.0999; 0.1; 3500; 170; 60; 
200.0963; 0.1; 3500; 170; 60.2; 
200.0929; 0.1; 3500; 170; 60.4; 
200.0896; 0.1; 3500; 170; 60.6; 
200.0863; 0.1; 3500; 170; 60.8; 
200.0833; 0.1; 3500; 170; 61; 
200.0803; 0.1; 3500; 170; 61.2; 
200.0774; 0.1; 3500; 170; 61.4; 
200.0746; 0.1; 3500; 170; 61.6; 
200.072; 0.1; 3500; 170; 61.8; 
200.0694; 0.1; 3500; 170; 62; 
200.0669; 0.1; 3500; 170; 62.2; 
200.0645; 0.1; 3500; 170; 62.4; 
200.0622; 0.1; 3500; 170; 62.6; 
200.06; 0.1; 3500; 170; 62.8; 
200.0578; 0.1; 3500; 170; 63; 
200.0557; 0.1; 3500; 170; 63.2; 
200.0537; 0.1; 3500; 170; 63.4; 
200.0518; 0.1; 3500; 170; 63.6; 
200.0499; 0.1; 3500; 170; 63.8; 
200.0481; 0.1; 3500; 170; 64; 
200.0464; 0.1; 3500; 170; 64.2; 
200.0447; 0.1; 3500; 170; 64.4; 
200.0431; 0.1; 3500; 170; 64.6; 
200.0416; 0.1; 3500; 170; 64.8; 
200.0401; 0.1; 3500; 170; 65; 
200.0386; 0.1; 3500; 170; 65.2; 
200.0372; 0.1; 3500; 170; 65.4; 
200.0359; 0.1; 3500; 170; 65.6; 
200.0346; 0.1; 3500; 170; 65.8; 
200.0334; 0.1; 3500; 170; 66; 
200.0322; 0.1; 3500; 170; 66.2; 
200.031; 0.1; 3500; 170; 66.4; 
200.0299; 0.1; 3500; 170; 66.6; 
200.0288; 0.1; 3500; 170; 66.8; 
200.0278; 0.1; 3500; 170; 67; 
200.0268; 0.1; 3500; 170; 67.2; 
200.0258; 0.1; 3500; 170; 67.4; 
200.0249; 0.1; 3500; 170; 67.6; 
200.024; 0.1; 3500; 170; 67.8; 
200.0231; 0.1; 3500; 170; 68; 
200.0223; 0.1; 3500; 170; 68.2; 
200.0215; 0.1; 3500; 170; 68.4; 
200.0207; 0.1; 3500; 170; 68.6; 
200.0199; 0.1; 3500; 170; 68.8; 
200.0192; 0.1; 3500; 170; 69; 
200.0185; 0.1; 3500; 170; 69.2; 
200.0178; 0.1; 3500; 170; 69.4; 
200.0172; 0.1; 3500; 170; 69.6; 
200.0166; 0.1; 3500; 170; 69.8; 
200.016; 0.1; 3500; 170; 70; 
200.0154; 0.1; 3500; 170; 70.2; 
200.0148; 0.1; 3500; 170; 70.4; 
200.0143; 0.1; 3500; 170; 70.6; 
200.0138; 0.1; 3500; 170; 70.8; 
200.0133; 0.1; 3500; 170; 71; 
200.0128; 0.1; 3500; 170; 71.2; 
200.0123; 0.1; 3500; 170; 71.4; 
200.0119; 0.1; 3500; 170; 71.6; 
200.0115; 0.1; 3500; 170; 71.8; 
200.011; 0.1; 3500; 170; 72; 
200.0106; 0.1; 3500; 170; 72.2; 
200.0102; 0.1; 3500; 170; 72.4; 
200.0099; 0.1; 3500; 170; 72.6; 
200.0095; 0.1; 3500; 170; 72.8; 
200.0092; 0.1; 3500; 170; 73; 
200.0088; 0.1; 3500; 170; 73.2; 
200.0085; 0.1; 3500; 170; 73.4; 
200.0082; 0.1; 3500; 170; 73.6; 
200.0079; 0.1; 3500; 170; 73.8; 
200.0076; 0.1; 3500; 170; 74; 
200.0073; 0.1; 3500; 170; 74.2; 
200.0071; 0.1; 3500; 170; 74.4; 
200.0068; 0.1; 3500; 170; 74.6; 
200.0066; 0.1; 3500; 170; 74.8; 
200.0063; 0.1; 3500; 170; 75; 
200.0061; 0.1; 3500; 170; 75.2; 
200.0059; 0.1; 3500; 170; 75.4; 
200.0057; 0.1; 3500; 170; 75.6; 
200.0055; 0.1; 3500; 170; 75.8; 
200.0053; 0.1; 3500; 170; 76; 
200.0051; 0.1; 3500; 170; 76.2; 
200.0049; 0.1; 3500; 170; 76.4; 
200.0047; 0.1; 3500; 170; 76.6; 
200.0045; 0.1; 3500; 170; 76.8; 
200.0044; 0.1; 3500; 170; 77; 
200.0042; 0.1; 3500; 170; 77.2; 
200.0041; 0.1; 3500; 170; 77.4; 
200.0039; 0.1; 3500; 170; 77.6; 
200.0038; 0.1; 3500; 170; 77.8; 
200.0036; 0.1; 3500; 170; 78; 
200.0035; 0.1; 3500; 170; 78.2; 
200.0034; 0.1; 3500; 170; 78.4; 
200.0032; 0.1; 3500; 170; 78.6; 
200.0031; 0.1; 3500; 170; 78.8; 
200.003; 0.1; 3500; 170; 79; 
200.0029; 0.1; 3500; 170; 79.2; 
200.0028; 0.1; 3500; 170; 79.4; 
200.0027; 0.1; 3500; 170; 79.6; 
200.0026; 0.1; 3500; 170; 79.8; 
200.0025; 0.1; 3500; 170; 80; 
200.0024; 0.1; 3500; 170; 80.2; 
200.0023; 0.1; 3500; 170; 80.4; 
200.0022; 0.1; 3500; 170; 80.6; 
200.0021; 0.1; 3500; 170; 80.8; 
200.0021; 0.1; 3500; 170; 81; 
200.002; 0.1; 3500; 170; 81.2; 
200.0019; 0.1; 3500; 170; 81.4; 
200.0019; 0.1; 3500; 170; 81.6; 
200.0018; 0.1; 3500; 170; 81.8; 
200.0017; 0.1; 3500; 170; 82; 
200.0017; 0.1; 3500; 170; 82.2; 
200.0016; 0.1; 3500; 170; 82.4; 
200.0015; 0.1; 3500; 170; 82.6; 
200.0015; 0.1; 3500; 170; 82.8; 
200.0014; 0.1; 3500; 170; 83; 
200.0014; 0.1; 3500; 170; 83.2; 
200.0013; 0.1; 3500; 170; 83.4; 
200.0013; 0.1; 3500; 170; 83.6; 
200.0012; 0.1; 3500; 170; 83.8; 
200.0012; 0.1; 3500; 170; 84; 
200.0011; 0.1; 3500; 170; 84.2; 
200.0011; 0.1; 3500; 170; 84.4; 
200.0011; 0.1; 3500; 170; 84.6; 
200.001; 0.1; 3500; 170; 84.8; 
200.001; 0.1; 3500; 170; 85; 
200.0009; 0.1; 3500; 170; 85.2; 
200.0009; 0.1; 3500; 170; 85.4; 
200.0009; 0.1; 3500; 170; 85.6; 
200.0008; 0.1; 3500; 170; 85.8; 
200.0008; 0.1; 3500; 170; 86; 
200.0008; 0.1; 3500; 170; 86.2; 
200.0008; 0.1; 3500; 170; 86.4; 
200.0007; 0.1; 3500; 170; 86.6; 
200.0007; 0.1; 3500; 170; 86.8; 
200.0007; 0.1; 3500; 170; 87; 
200.0006; 0.1; 3500; 170; 87.2; 
200.0006; 0.1; 3500; 170; 87.4; 
200.0006; 0.1; 3500; 170; 87.6; 
200.0006; 0.1; 3500; 170; 87.8; 
200.0006; 0.1; 3500; 170; 88; 
200.0005; 0.1; 3500; 170; 88.2; 
200.0005; 0.1; 3500; 170; 88.4; 
200.0005; 0.1; 3500; 170; 88.6; 
200.0005; 0.1; 3500; 170; 88.8; 
200.0005; 0.1; 3500; 170; 89; 
200.0004; 0.1; 3500; 170; 89.2; 
200.0004; 0.1; 3500; 170; 89.4; 
200.0004; 0.1; 3500; 170; 89.6; 
200.0004; 0.1; 3500; 170; 89.8; 
200.0004; 0.1; 3500; 170; 90; 
200.0004; 0.1; 3500; 170; 90.2; 
200.0004; 0.1; 3500; 170; 90.4; 
200.0003; 0.1; 3500; 170; 90.6; 
200.0003; 0.1; 3500; 170; 90.8; 
200.0003; 0.1; 3500; 170; 91; 
200.0003; 0.1; 3500; 170; 91.2; 
200.0003; 0.1; 3500; 170; 91.4; 
200.0003; 0.1; 3500; 170; 91.6; 
200.0003; 0.1; 3500; 170; 91.8; 
200.0003; 0.1; 3500; 170; 92; 
200.0003; 0.1; 3500; 170; 92.2; 
200.0002; 0.1; 3500; 170; 92.4; 
200.0002; 0.1; 3500; 170; 92.6; 
200.0002; 0.1; 3500; 170; 92.8; 
200.0002; 0.1; 3500; 170; 93; 
200.0002; 0.1; 3500; 170; 93.2; 
200.0002; 0.1; 3500; 170; 93.4; 
200.0002; 0.1; 3500; 170; 93.6; 
200.0002; 0.1; 3500; 170; 93.8; 
200.0002; 0.1; 3500; 170; 94; 
200.0002; 0.1; 3500; 170; 94.2; 
200.0002; 0.1; 3500; 170; 94.4; 
200.0002; 0.1; 3500; 170; 94.6; 
200.0002; 0.1; 3500; 170; 94.8; 
200.0001; 0.1; 3500; 170; 95; 
200.0001; 0.1; 3500; 170; 95.2; 
200.0001; 0.1; 3500; 170; 95.4; 
200.0001; 0.1; 3500; 170; 95.6; 
200.0001; 0.1; 3500; 170; 95.8; 
200.0001; 0.1; 3500; 170; 96; 
200.0001; 0.1; 3500; 170; 96.2; 
200.0001; 0.1; 3500; 170; 96.4; 
200.0001; 0.1; 3500; 170; 96.6; 
200.0001; 0.1; 3500; 170; 96.8; 
200.0001; 0.1; 3500; 170; 97; 
200.0001; 0.1; 3500; 170; 97.2; 
200.0001; 0.1; 3500; 170; 97.4; 
200.0001; 0.1; 3500; 170; 97.6; 
200.0001; 0.1; 3500; 170; 97.8; 
200.0001; 0.1; 3500; 170; 98; 
200.0001; 0.1; 3500; 170; 98.2; 
200.0001; 0.1; 3500; 170; 98.4; 
200.0001; 0.1; 3500; 170; 98.6; 
200.0001; 0.1; 3500; 170; 98.8; 
200.0001; 0.1; 3500; 170; 99; 
200.0001; 0.1; 3500; 170; 99.2; 
200.0001; 0.1; 3500; 170; 99.4; 
200.0001; 0.1; 3500; 170; 99.6; 
200.0001; 0.1; 3500; 170; 99.8; 
200.0001; 0.1; 3500; 170; 100; 
